db_id,room_label,noise_type,TotalUsedMem_mean,TotalUsedMem_std,TotalUsedMem_max,TotalUsedMem_min,TotalUsedMem_median,CpuUtil_mean,CpuUtil_std,CpuUtil_max,CpuUtil_min,CpuUtil_median,GpuUtil_mean,GpuUtil_std,GpuUtil_max,GpuUtil_min,GpuUtil_median,BatteryMicroAmps_mean,BatteryMicroAmps_std,BatteryMicroAmps_max,BatteryMicroAmps_min,BatteryMicroAmps_median,BatteryVoltageMv_mean,BatteryVoltageMv_std,BatteryVoltageMv_max,BatteryVoltageMv_min,BatteryVoltageMv_median,AvgFPS_mean,AvgFPS_std,AvgFPS_max,AvgFPS_min,AvgFPS_median,WorstFrameMs_mean,WorstFrameMs_std,WorstFrameMs_max,WorstFrameMs_min,WorstFrameMs_median,BestFrameMs_mean,BestFrameMs_std,BestFrameMs_max,BestFrameMs_min,BestFrameMs_median,MainThreadMs_mean,MainThreadMs_std,MainThreadMs_max,MainThreadMs_min,MainThreadMs_median,GCAllocRate_mean,GCAllocRate_std,GCAllocRate_max,FrameTimeStdDev_mean,FrameTimeStdDev_std,FrameTimeStdDev_max,FrameTimeStdDev_min,FrameTimeStdDev_median,CpuClockFreq_mean,CpuClockFreq_max,CpuClockFreq_min,CpuClockFreq_median,WorstFrameMs_range,CpuUtil_range
19,kitchen,0.0,144708451.8021978,316441.72262598376,145288860,144146996,144658268.0,0.1472802197802197,0.0093614958417768,0.1579,0.1309,0.1527,0.271165934065934,0.0015367512471459,0.2744,0.2685,0.2714,-2309974.461538461,154897.46971266065,-1962572,-2699773,-2297664.0,4060.252747252747,12.102886163219726,4066,4030,4066.0,72.00571428571428,0.2236770631321609,73.52,71.42,71.98,15.731428571428571,0.920704526651643,23.52,14.56,15.66,12.157912087912086,0.9510514841578902,13.38,4.12,12.26,13.862727472527473,0.2769393307270399,14.6846,13.2466,13.8705,0.0,0.0,0,0.0009457692307692,0.0004733298374735,0.005003,0.000358,0.000873,1920000.0,1920000,1920000,1920000.0,8.959999999999999,0.027
20,kitchen,0.0,144682141.30769232,291899.83377683925,145246284,144150556,144606876.0,0.1418967032967032,0.008996387553401,0.16,0.1287,0.1386,0.320032967032967,0.0010508255955364,0.3224,0.3188,0.3197,-2366879.340659341,196740.66749698817,-2002124,-2756904,-2381162.0,4049.6593406593406,14.4208335251617,4058,4025,4058.0,72.00769230769231,0.2293714935454755,73.06,71.41,71.98,15.814285714285711,0.8626897766831663,21.89,14.56,15.74,12.005494505494504,0.8106955364051617,13.0,6.42,12.04,13.938167032967034,0.4184670317705766,14.8494,12.211,14.0058,0.0,0.0,0,0.0010158351648351,0.0004206030396608,0.004085,0.000528,0.000996,1920000.0,1920000,1920000,1920000.0,7.33,0.0312999999999999
21,kitchen,1.0,145612114.04395604,283809.7398960344,146180416,145040444,145551170.0,0.1644780219780219,0.0175518457541447,0.2077,0.1386,0.159,0.349065934065934,0.0054279773147036,0.3565,0.341,0.3507,-2366340.032967033,142545.21354242117,-2111624,-2697942,-2333553.0,4036.164835164835,11.978001814681974,4066,4010,4041.0,72.00912087912087,0.3516173689037192,73.11,71.16,72.01,15.64098901098901,0.7833915651335189,21.22,14.6,15.58,12.19945054945055,0.8122347261138553,13.15,6.02,12.41,13.885072527472529,0.5275922777772698,15.713,12.4924,13.9859,0.0,0.0,0,0.0009842307692307,0.000369069101537,0.004022,0.000632,0.000911,1920000.0,1920000,1920000,1920000.0,6.619999999999999,0.0691
22,kitchen,1.0,145502612.52747253,299084.5961262805,146236278,144971954,145429482.0,0.1550142857142857,0.0097807244838289,0.169,0.14,0.1534,0.343078021978022,0.0012719890109415,0.3448,0.3412,0.3426,-2404636.186813187,160026.80570509372,-2105765,-2766059,-2370542.0,4009.4065934065934,11.953593622354266,4027,4000,4005.0,72.00692307692307,0.4511459293539621,74.18,71.06,72.0,15.680549450549451,0.8100073561221017,21.45,14.57,15.71,12.20978021978022,0.7939353150561353,13.24,6.14,12.29,13.879832967032968,0.5185042942187857,14.8583,12.8764,13.9139,0.0,0.0,0,0.0009763076923076,0.0003887397784953,0.004039,0.000482,0.00098,1920000.0,1920000,1920000,1920000.0,6.879999999999999,0.0289999999999999
23,kitchen,2.0,145471291.25274727,283096.34404844564,146028096,144926862,145424022.0,0.1524065934065934,0.0072561820722869,0.172,0.1382,0.1536,0.2913076923076923,0.0150933482830405,0.326,0.272,0.2877,-2369652.10989011,194878.58416628148,-1890061,-2786567,-2323299.0,3982.6153846153848,5.626858667279602,4002,3981,3981.0,72.01065934065934,0.3945146165375658,74.02,71.34,72.01,15.741648351648353,0.7584256555322182,21.21,14.84,15.66,12.14032967032967,0.7288125053041198,13.14,6.55,12.15,13.86094175824176,0.6018781694857698,15.1413,12.5083,13.8746,0.0,0.0,0,0.0010255824175824,0.000364884184546,0.003954,0.00056,0.000952,1920000.0,1920000,1920000,1920000.0,6.370000000000001,0.0338
24,kitchen,2.0,145421554.0989011,298677.6344342709,145999960,144849062,145369416.0,0.1544175824175824,0.0105746929916727,0.1809,0.1448,0.1528,0.2957,0.0117815958172057,0.3207,0.2832,0.2915,-2351924.758241758,201650.62950428456,-1956347,-2851388,-2317806.0,4022.076923076923,7.038356451506759,4029,4015,4029.0,72.00175824175824,0.3379204160304727,73.21,71.2,72.02,15.654175824175825,0.7569868132332522,20.58,14.14,15.64,12.13967032967033,0.7365255529239225,13.71,6.84,12.12,13.951727472527471,0.4281962045256913,14.9179,13.2043,13.9228,0.0,0.0,0,0.0009752527472527,0.0003628367736295,0.003627,0.000119,0.000986,1920000.0,1920000,1920000,1920000.0,6.439999999999998,0.0360999999999999
25,conference,0.0,144448232.3956044,301309.8246217734,145108486,143953132,144495212.0,0.1522560439560439,0.0097867053676711,0.1647,0.1334,0.1535,0.3325626373626373,0.0065214287519709,0.3353,0.3058,0.3341,-2522627.483516484,171051.7390700097,-2261408,-3074783,-2511170.0,3871.7582417582416,11.343466704417809,3887,3861,3864.0,72.00241758241758,0.3048509313649701,73.47,71.29,71.96,15.785494505494505,0.8412111159727627,21.22,14.58,15.59,12.024395604395604,0.8687950900096687,13.16,6.15,12.16,13.97068131868132,0.387472070939625,15.131,12.3235,14.0064,675.1648351648352,6440.662036819465,61440,0.0010127692307692,0.0004183684733427,0.003898,0.000414,0.000933,1920000.0,1920000,1920000,1920000.0,6.639999999999999,0.0313
26,conference,0.0,144625931.42857143,298192.6487727724,145150564,144133124,144674804.0,0.1421593406593406,0.0074627814001956,0.1558,0.1299,0.1433,0.3346032967032967,0.0023940876503702,0.3374,0.3302,0.3357,-2522703.9340659343,188072.64766755563,-2081594,-2992383,-2555483.0,3867.186813186813,2.403294442182065,3872,3866,3866.0,72.00472527472527,0.2592910876445013,73.61,71.56,71.98,15.668461538461536,0.7128174506482835,21.41,14.2,15.57,12.153076923076924,0.7686578379193643,13.51,6.07,12.21,13.890946153846151,0.3565599345934214,14.9353,13.1827,13.9022,0.0,0.0,0,0.0009533406593406,0.0003654535757043,0.003993,0.000264,0.000918,1920000.0,1920000,1920000,1920000.0,7.210000000000001,0.0259
27,conference,1.0,145476463.94505495,303780.05427093105,146111131,144964632,145533836.0,0.1725736263736264,0.0143065706362483,0.1937,0.1446,0.1746,0.3210186813186813,0.0017319810165697,0.3225,0.3169,0.3218,-2464688.2527472526,203250.40494247447,-2014576,-2931957,-2430235.0,3877.3736263736255,4.909510841550013,3881,3870,3881.0,72.00076923076922,0.4703739192723412,74.57,71.05,72.03,15.742307692307692,0.831127850738684,20.52,14.24,15.69,12.143516483516484,0.8371437864367863,13.31,6.73,12.32,13.864764835164836,0.5795526415307329,15.0681,12.6593,13.8939,675.1648351648352,6440.662036819465,61440,0.0010503296703296,0.0004008496546904,0.003703,0.000325,0.001006,1920000.0,1920000,1920000,1920000.0,6.279999999999999,0.0491
28,conference,1.0,145458436.7912088,299526.9028322609,146102493,144961632,145529656.0,0.165487912087912,0.009072116440131,0.1821,0.1475,0.1644,0.3131483516483516,0.0025476944975304,0.3159,0.3067,0.3138,-2487414.032967033,172544.76364252393,-2136161,-2848459,-2487732.0,3862.483516483516,2.2179201336318743,3863,3848,3863.0,72.01043956043956,0.2643857118677269,73.05,71.15,72.0,15.57934065934066,0.8101464918256066,21.32,14.45,15.51,12.258571428571427,0.8046649702116487,13.29,6.82,12.37,14.013425274725275,0.4698369527100524,15.3036,12.5218,14.0473,0.0,0.0,0,0.0009557692307692,0.0004062201121155,0.003905,0.000415,0.00095,1920000.0,1920000,1920000,1920000.0,6.870000000000001,0.0346
29,conference,2.0,145439356.2197802,307740.20043185947,145985022,144913136,145498233.0,0.1573307692307692,0.0112987087984787,0.1692,0.1371,0.1615,0.3205802197802198,0.0194504396967165,0.3556,0.2927,0.3178,-2543473.912087912,215871.594048543,-2163261,-3258991,-2532777.0,3839.450549450549,11.866164536439802,3865,3834,3834.0,72.01274725274725,0.4356223286136892,73.36,71.04,71.97,15.734945054945054,0.926059001751656,21.82,14.37,15.7,12.15032967032967,0.8366871850730393,13.46,6.24,12.27,13.977883516483516,0.5905532638060192,15.1046,12.5909,13.9016,0.0,0.0,0,0.0010178461538461,0.0004251707349361,0.004137,0.000333,0.001012,1920000.0,1920000,1920000,1920000.0,7.450000000000001,0.0320999999999999
30,conference,2.0,145469921.54945055,319313.94866623404,146028264,144954304,145514272.0,0.1633197802197802,0.0098090119536432,0.1803,0.1427,0.165,0.3284835164835165,0.0190875833039659,0.3662,0.3021,0.3287,-2578152.076923077,191824.05948317624,-2220025,-3151323,-2585513.0,3827.538461538461,9.305085458211224,3843,3822,3822.0,72.00769230769231,0.5356202571123136,75.29,71.13,72.04,15.76802197802198,0.8414408539063876,20.86,14.62,15.64,12.090329670329671,0.8508002122831193,13.15,6.53,12.24,13.98057912087912,0.5869455268149742,15.4307,12.8194,13.9432,0.0,0.0,0,0.0010587362637362,0.0004154973682271,0.00393,0.000524,0.000991,1920000.0,1920000,1920000,1920000.0,6.24,0.0375999999999999
31,kitchen,0.0,144762713.83516484,308132.12805222155,145330707,144292428,144698700.0,0.1505274725274725,0.011472014895524,0.1699,0.136,0.1472,0.3250824175824175,0.0017059108617193,0.3289,0.3226,0.3255,-2604841.8571428573,190662.7441618997,-2215997,-3029738,-2593203.0,3696.593406593407,3.2317110087314376,3714,3696,3696.0,72.00934065934067,0.297697841584391,73.63,71.35,72.01,15.75076923076923,0.8948187038839278,23.13,14.41,15.71,12.195934065934065,0.895610255042744,13.07,4.7,12.26,13.889952747252746,0.2903264619702215,14.6542,13.2866,13.9081,675.1648351648352,6440.662036819465,61440,0.0009525934065934,0.0004443394592731,0.004803,0.00044,0.000903,1920000.0,1920000,1920000,1920000.0,8.719999999999999,0.0338999999999999
32,kitchen,0.0,144744343.18681318,303305.1774471721,145314276,144255940,144700091.0,0.1499582417582417,0.0051165106585134,0.1589,0.1403,0.1498,0.327543956043956,0.0107948671834885,0.3645,0.3227,0.3247,-2656752.4945054944,269877.19339804986,-2252619,-3587857,-2638981.0,3695.351648351648,2.1415136203350738,3697,3691,3697.0,71.98197802197802,1.112773531696783,76.64,63.26,71.97,15.905604395604396,1.1796903631332052,24.52,14.51,15.76,11.9310989010989,1.021053323832742,13.48,5.97,12.1,13.89765164835165,0.627191453733341,15.1188,9.688,13.9841,0.0,0.0,0,0.0010846263736263,0.0005030969124301,0.004003,0.000441,0.000975,1920000.0,1920000,1920000,1920000.0,10.01,0.0186
33,kitchen,1.0,146199356.58241758,308922.721302927,146765636,145700008,146157469.0,0.1672483516483516,0.0109691725874264,0.1866,0.1506,0.1667,0.3445131868131868,0.0025573079939311,0.3476,0.3376,0.3436,-2587227.076923077,164237.15800486875,-2314876,-3041823,-2559511.0,3709.021978021978,1.4296699073413006,3711,3708,3708.0,72.0043956043956,0.4343045751318575,73.94,70.86,72.01,15.691428571428572,0.8910013984632641,21.81,14.55,15.6,12.186703296703296,0.8516377098078671,13.32,5.99,12.32,13.904324175824176,0.511526778345563,14.955,12.7329,13.9146,675.1648351648352,6440.662036819465,61440,0.0009917692307692,0.0004276559384708,0.004276,0.000451,0.000952,1920000.0,1920000,1920000,1920000.0,7.259999999999998,0.0359999999999999
34,kitchen,1.0,146225219.75824177,338811.6009868874,147012851,145683712,146182738.0,0.163176923076923,0.0095816384231401,0.1765,0.1434,0.1623,0.3471274725274725,0.0020971444041874,0.3506,0.3442,0.3467,-2593412.527472528,154551.13437114455,-2274958,-2977368,-2565004.0,3696.2417582417584,0.4305205980534482,3697,3696,3696.0,72.00604395604395,0.3560021195969342,73.32,71.24,72.03,15.84802197802198,0.9200280427854364,22.23,14.53,15.88,12.119670329670331,0.8325855986015973,13.37,6.08,12.14,13.862954945054945,0.5206326079905603,15.2231,12.2746,13.8371,0.0,0.0,0,0.0010445934065934,0.0004293530010511,0.004284,0.000476,0.001037,1920000.0,1920000,1920000,1920000.0,7.700000000000001,0.0330999999999999
35,kitchen,2.0,145959409.17582417,312471.17618487333,146541752,145402616,145934480.0,0.1674351648351648,0.0061030479384643,0.1771,0.1569,0.166,0.3154846153846153,0.0129609492371587,0.3377,0.2982,0.31,-2622939.5934065934,183857.0344548525,-2261042,-3031569,-2613712.0,3680.6703296703295,1.983571106503158,3683,3679,3679.0,72.00901098901099,0.4220691226829369,73.5,71.04,72.01,15.732527472527474,0.9622284244936552,22.19,14.34,15.65,12.084945054945056,0.9117460338717296,13.56,5.88,12.17,13.905650549450549,0.5505304664843468,15.1586,12.7045,13.8913,0.0,0.0,0,0.0010380769230769,0.0004536499196215,0.004346,0.000258,0.001018,1920000.0,1920000,1920000,1920000.0,7.850000000000001,0.0201999999999999
36,kitchen,2.0,146228728.4065934,313649.15770877653,146805688,145711272,146151474.0,0.1762758241758242,0.0232556198257508,0.2394,0.147,0.172,0.3220681318681319,0.0210317636980136,0.3649,0.2999,0.3145,-2623007.956043956,196887.3866436181,-2183403,-3140336,-2600528.0,3701.208791208792,12.83616114603724,3720,3686,3711.0,72.0143956043956,0.3207810218520803,72.98,71.21,72.02,15.6889010989011,0.8768471937692464,21.94,14.57,15.61,12.137032967032969,0.8277902237020285,13.18,5.96,12.23,13.895859340659342,0.5777403822898737,14.9968,12.6642,13.8836,0.0,0.0,0,0.0010201428571428,0.0004109822535078,0.004203,0.00045,0.001004,1920000.0,1920000,1920000,1920000.0,7.370000000000001,0.0924
37,conference,0.0,145351263.57142857,319200.52129401104,145944676,144776260,145286884.0,0.1510999999999999,0.0051998076887515,0.159,0.1407,0.1518,0.3390252747252747,0.0041485095960033,0.3428,0.3116,0.3406,-2715681.758241758,188687.90788832825,-2304256,-3210650,-2703436.0,3570.5274725274726,0.8861986150679358,3572,3570,3570.0,72.00285714285714,0.3929441173565001,73.64,71.27,71.95,15.679780219780218,0.8553842255864752,21.62,14.47,15.58,12.198901098901098,0.7746173973853882,13.13,6.35,12.35,13.9411010989011,0.4331897168407362,14.9945,13.0104,13.9406,0.0,0.0,0,0.0009568571428571,0.0003981485923462,0.004054,0.000495,0.000884,1920000.0,1920000,1920000,1920000.0,7.15,0.0183
38,conference,0.0,145432033.8791209,360345.54036528966,146122331,144799388,145442491.0,0.1530857142857142,0.0403389956670784,0.5235,0.1323,0.1518,0.3489593406593407,0.0281942625291111,0.4983,0.3374,0.3401,-2822714.6373626376,332707.9501435496,-2357724,-3932104,-2791695.0,3585.0,11.663809173869438,3601,3574,3578.0,72.03483516483517,0.4442055646191111,74.12,71.08,71.96,15.832087912087912,0.9641709351487378,21.44,14.15,15.64,11.977472527472528,0.9899681177880804,13.58,6.35,12.11,13.882998901098905,0.4638930177181669,14.8645,11.4063,13.8828,0.0,0.0,0,0.0010545824175824,0.0005125101205707,0.004043,0.000274,0.000955,1920000.0,1920000,1920000,1920000.0,7.290000000000001,0.3912
39,conference,1.0,146333690.34065935,311972.8964958858,146919152,145743860,146272960.0,0.1578714285714285,0.0087195984325768,0.176,0.1472,0.1562,0.358210989010989,0.005000609975003,0.3646,0.3498,0.358,-2729626.395604396,210266.3511890933,-2260676,-3182085,-2739691.0,3589.021978021978,8.162213781918444,3595,3578,3595.0,71.99923076923078,0.4714663432531671,73.95,71.05,72.0,15.643296703296702,0.6946238869505887,20.19,14.59,15.62,12.212307692307691,0.7043611398882077,13.1,7.19,12.26,13.919608791208791,0.5643192929240505,15.2336,12.7694,13.8098,0.0,0.0,0,0.0009958021978021,0.0003302665664035,0.003461,0.000584,0.000983,1920000.0,1920000,1920000,1920000.0,5.600000000000001,0.0287999999999999
40,conference,1.0,146290721.32967034,327794.6680852711,146920900,145683600,146242666.0,0.1565131868131868,0.0137590310446243,0.1873,0.1408,0.1541,0.3597923076923077,0.0030310332220485,0.3647,0.3549,0.3598,-2711158.340659341,185218.1316182637,-2251886,-3094192,-2700506.0,3572.065934065934,6.03287695843442,3578,3566,3578.0,72.00417582417583,0.3648045623924806,73.11,71.02,72.01,15.714615384615383,0.8351078542350855,21.34,14.56,15.66,12.167582417582418,0.7857075235584247,13.31,6.69,12.22,13.928653846153846,0.55291555620239,15.1886,12.6577,13.9238,0.0,0.0,0,0.0010136263736263,0.0003884943485461,0.003859,0.000416,0.000974,1920000.0,1920000,1920000,1920000.0,6.779999999999999,0.0464999999999999
41,conference,2.0,145993488.51648352,308204.1066365821,146732551,145432068,145924152.0,0.1686131868131868,0.0099900862947135,0.1861,0.1473,0.165,0.3136054945054945,0.0114009976428709,0.3324,0.2923,0.3159,-2633044.89010989,200304.4290061977,-2289241,-3173296,-2610049.0,3578.4725274725274,3.62197202069272,3582,3573,3579.0,71.99978021978022,0.4764124684019514,74.34,71.01,72.0,15.708901098901098,0.8013370085182645,21.55,14.52,15.67,12.21021978021978,0.7796679891993599,13.36,6.32,12.28,13.957475824175823,0.548474996966976,14.9905,12.5747,13.9805,0.0,0.0,0,0.0010305384615384,0.0003864697863048,0.004161,0.000441,0.000987,1920000.0,1920000,1920000,1920000.0,7.030000000000001,0.0388
42,conference,2.0,146043012.41111112,313334.76860146254,146656126,145469252,145983676.0,0.1685422222222222,0.0102637573094537,0.1929,0.1543,0.1708,0.3108533333333333,0.0111872740702815,0.3503,0.3002,0.308,-2638350.144444444,210406.3064678157,-2303523,-3293050,-2593935.5,3571.2,1.8432994355200896,3574,3570,3570.0,72.0,0.422523185987027,73.35,70.95,71.97,15.733555555555556,0.803039606270109,21.02,14.58,15.69,12.200777777777777,0.7113418681851985,13.33,7.2,12.225,13.88967888888889,0.61012300960764,14.9469,12.6698,13.82345,0.0,0.0,0,0.0010292,0.0003634293032034,0.003699,0.000365,0.0010585,1920000.0,1920000,1920000,1920000.0,6.44,0.0385999999999999
43,conference,0.0,145338112.05555555,263327.1559719896,145803876,144886996,145372964.0,0.1604933333333333,0.0105932117335329,0.1859,0.1447,0.1594,0.3307188888888889,0.002124173041706,0.3341,0.3248,0.331,-2857325.2444444443,179223.51819335122,-2478576,-3216510,-2874460.0,3484.733333333333,4.765984341305971,3486,3467,3486.0,71.99933333333334,0.3687506998660274,73.99,70.81,72.015,15.773333333333332,0.8374707776219934,21.94,14.61,15.68,12.17688888888889,0.8418901212626562,13.37,5.86,12.305,13.905335555555554,0.4286163639965734,14.9285,12.9401,13.90715,0.0,0.0,0,0.0009953888888888,0.0004128804189164,0.004218,0.000362,0.0009225,1920000.0,1920000,1920000,1920000.0,7.330000000000002,0.0412
44,conference,0.0,145297908.62637362,266204.52177684515,145795132,144848620,145327196.0,0.1523571428571428,0.0101363278783365,0.1688,0.1352,0.153,0.3021747252747253,0.0104482597530943,0.3297,0.2927,0.2978,-2760936.10989011,205412.453013738,-2342343,-3201861,-2777046.0,3495.725274725274,5.354262962176245,3497,3471,3497.0,71.9989010989011,0.3550006276972564,73.5,71.04,72.0,15.665714285714284,0.6981087830817434,20.73,14.47,15.63,12.174615384615386,0.6771809337939287,13.1,6.92,12.29,13.985196703296705,0.4475693447079952,14.9828,13.1588,13.9045,675.1648351648352,6440.662036819465,61440,0.0009554505494505,0.0003469587315753,0.003637,0.000453,0.000907,1920000.0,1920000,1920000,1920000.0,6.26,0.0336
45,conference,1.0,146343064.74725273,285193.90282068355,146985251,145874878,146385316.0,0.1684087912087912,0.0093085701056326,0.1852,0.1514,0.1663,0.3529274725274725,0.015111210451803,0.3679,0.3239,0.3593,-2763133.4395604394,204906.3329921591,-2333553,-3136674,-2758002.0,3466.153846153846,14.51200505093243,3500,3460,3460.0,72.01208791208792,0.4547466119439273,73.21,71.09,72.06,15.683076923076923,0.8961146904618503,21.89,14.25,15.54,12.17769230769231,0.7859687255908072,13.24,6.46,12.25,13.871092307692306,0.5385507974041217,15.1663,12.8359,13.8823,0.0,0.0,0,0.0010092307692307,0.0003995076435626,0.004082,0.000334,0.000992,1920000.0,1920000,1920000,1920000.0,7.640000000000001,0.0338
46,conference,1.0,146043663.76923078,295245.04173450544,146715061,145540012,146049208.0,0.1687582417582417,0.0105526622858253,0.1965,0.1512,0.1702,0.3442252747252747,0.0116365859197675,0.359,0.3227,0.3446,-2779440.263736264,210015.58983010103,-2469055,-3248737,-2787300.0,3467.8571428571427,5.596767774689865,3471,3458,3471.0,72.00857142857143,0.4634354118454708,73.17,70.91,72.0,15.71879120879121,0.9477562217795548,22.1,14.43,15.55,12.253296703296703,0.8812012696629967,13.18,6.04,12.42,13.936447252747252,0.5285153861611176,14.856,12.8341,13.9996,0.0,0.0,0,0.0010136043956043,0.0004333541758864,0.004266,0.000555,0.000982,1920000.0,1920000,1920000,1920000.0,7.670000000000002,0.0453
47,conference,2.0,146144865.05555555,276023.9036553113,146639818,145698834,146160720.0,0.1701811111111111,0.0092686119398153,0.1881,0.1523,0.1684,0.3157111111111111,0.0090771406234357,0.3317,0.2987,0.31535,-2778233.8444444444,206747.46682099125,-2367978,-3289021,-2768989.0,3454.0,0.0,3454,3454,3454.0,71.99855555555555,0.4037591926420326,73.93,70.75,72.02,15.705222222222222,0.8432550999226562,21.19,14.52,15.655,12.159777777777778,0.868574937453605,13.24,6.26,12.24,13.819496666666666,0.5827672053288017,14.9205,12.6148,13.7761,682.6666666666666,6476.34464802484,61440,0.0010321777777777,0.0004132084540119,0.003958,0.000443,0.0010265,1920000.0,1920000,1920000,1920000.0,6.670000000000002,0.0358
48,conference,2.0,146037933.1098901,303875.02823817503,146665601,145554128,146022770.0,0.1724252747252747,0.0101148141456709,0.1962,0.1609,0.1726,0.3159065934065934,0.0055918949719472,0.3257,0.3057,0.3163,-2745124.318681319,208411.38448867472,-2330990,-3228961,-2730536.0,3473.285714285714,0.7037315505491158,3475,3473,3473.0,72.00527472527472,0.3701541440455442,73.15,71.04,71.96,15.678791208791209,1.0106145931668788,22.11,14.43,15.49,12.098791208791209,0.976360401542194,13.27,5.48,12.31,14.034053846153846,0.5525528753597938,15.3899,12.6724,14.1584,675.1648351648352,6440.662036819465,61440,0.0010374725274725,0.000487010708088,0.004456,0.000374,0.000985,1920000.0,1920000,1920000,1920000.0,7.68,0.0353
49,conference,0.0,144222785.7802198,177710.9236900568,144550324,143919604,144215252.0,0.1516593406593406,0.0124545750453574,0.1854,0.141,0.1472,0.3005560439560439,0.000749993894969,0.3019,0.2991,0.3006,-2308408.901098901,177825.5552570837,-2018604,-2967114,-2275691.0,4037.428571428572,12.976168632572165,4086,4034,4034.0,72.00626373626373,0.2944020242670755,73.28,70.82,71.97,15.729010989010987,0.9490276368122562,23.54,14.57,15.57,12.125054945054949,0.9606090355444918,13.13,4.23,12.25,13.849421978021978,0.3816354126365451,14.9552,12.9247,13.818,675.1648351648352,6440.662036819466,61440,0.0009643516483516,0.0004781639972883,0.004981,0.000451,0.000891,1920000.0,1920000,1920000,1920000.0,8.969999999999999,0.0444
50,conference,0.0,144081788.02197802,184245.3745302768,144501660,143774452,144084091.0,0.1407494505494505,0.0071418698707205,0.1488,0.1258,0.1429,0.2956846153846154,0.0019115975330087,0.2984,0.2937,0.2951,-2274088.846153846,171086.84218800973,-1905442,-2735297,-2272395.0,4091.142857142857,6.526137923035127,4098,4085,4085.0,72.01,0.3676381070805616,72.83,71.21,72.09,15.666153846153843,0.8526204955322793,21.43,14.39,15.6,12.101208791208792,0.7677743232730639,13.08,6.34,12.18,13.94204065934066,0.4501168453185908,15.0106,13.0996,13.9021,675.1648351648352,6440.662036819466,61440,0.0009604615384615,0.0004015953548783,0.003974,0.000339,0.000918,1920000.0,1920000,1920000,1920000.0,7.039999999999999,0.0229999999999999
51,conference,1.0,145033013.6153846,184324.857657382,145506595,144711184,145034709.0,0.1611560439560439,0.012594912630734,0.1842,0.1461,0.1567,0.3206,0.0023246505113672,0.3252,0.3161,0.3198,-2299724.3076923075,167269.20158572684,-1934007,-2862009,-2285579.0,4085.835164835165,3.012063656785877,4089,4083,4083.0,72.00351648351648,0.3869348886551937,74.52,70.95,71.99,15.713076923076924,0.8137371843096555,20.87,14.61,15.57,12.15230769230769,0.8321392470588839,13.27,6.07,12.26,13.92805824175824,0.4404166862985638,15.197,12.9686,13.8696,0.0,0.0,0,0.0010044395604395,0.0003994295712858,0.003921,0.000479,0.000966,1920000.0,1920000,1920000,1920000.0,6.260000000000002,0.0380999999999999
52,conference,1.0,145048817.2857143,201773.024802797,145465630,144721022,145024484.0,0.1720428571428571,0.0257726433036493,0.2551,0.1543,0.1645,0.3213087912087912,0.0158618105198313,0.3752,0.3107,0.3177,-2393186.813186813,260572.2932386374,-2084158,-3516810,-2350033.0,4071.472527472528,1.3608874501641917,4072,4068,4072.0,72.02538461538462,0.4204185948216314,73.75,70.87,71.98,15.823846153846157,0.9273687618810657,21.55,14.52,15.68,12.148681318681318,0.888884705423611,13.4,7.39,12.36,13.822782417582417,0.5490387813854333,15.1332,12.4552,13.8121,675.1648351648352,6440.662036819466,61440,0.0010565714285714,0.0004618536117972,0.003914,0.000396,0.000977,1920000.0,1920000,1920000,1920000.0,7.030000000000001,0.1008
53,conference,2.0,145082532.13186812,192830.79203932505,145500913,144719654,145070592.0,0.1583208791208791,0.0057122191928748,0.1688,0.1409,0.158,0.3314901098901099,0.0146606279609712,0.3565,0.3017,0.3317,-2355812.263736264,173477.48385634855,-2049733,-2944408,-2316707.0,4070.593406593407,0.4939190662005774,4071,4070,4071.0,72.01351648351648,0.423890377931668,73.58,71.06,71.96,15.681758241758242,0.9610533496656372,22.33,14.32,15.63,12.105824175824177,0.8626317173936279,13.23,6.03,12.16,13.933347252747254,0.5713584718974907,15.0082,12.7336,13.9244,0.0,0.0,0,0.001022978021978,0.0004533833790518,0.004352,0.00044,0.001017,1920000.0,1920000,1920000,1920000.0,8.009999999999998,0.0279
54,conference,2.0,145030688.48351648,198631.040458058,145486972,144711956,145002858.0,0.1583725274725274,0.0103678248649267,0.1765,0.1424,0.156,0.3293472527472527,0.0019908870529568,0.3349,0.3263,0.329,-2308276.1428571427,159973.93340719066,-1977588,-2790596,-2279719.0,4058.2417582417584,11.81744535219098,4075,4050,4050.0,72.00582417582417,0.447320580876514,73.88,71.06,71.98,15.71978021978022,0.7619798452014889,20.85,14.69,15.67,12.085494505494506,0.7719344585538387,13.42,6.67,12.13,13.965485714285716,0.6044091962995173,15.2157,12.4794,13.9976,675.1648351648352,6440.662036819466,61440,0.0010401648351648,0.0003660244455629,0.003779,0.000442,0.001034,1920000.0,1920000,1920000,1920000.0,6.160000000000002,0.0340999999999999
55,lab,0.0,145132673.65934065,300148.36476687127,145670260,144645508,145169115.0,0.1576010989010988,0.0096033384762857,0.1711,0.1457,0.1608,0.2857252747252747,0.0070201233513473,0.3501,0.2826,0.285,-2403940.043956044,233744.43873246168,-2037281,-3183550,-2341976.0,3954.307692307693,3.424397133291614,3957,3950,3957.0,72.02868131868132,0.3224186677501738,73.32,71.45,72.03,15.693516483516484,0.9060615304423302,21.98,14.54,15.49,12.12901098901099,0.8669128559883627,13.05,6.29,12.41,13.857575824175823,0.4395780874481699,14.9277,12.3045,13.8741,0.0,0.0,0,0.0009904945054945,0.0004484673745999,0.004165,0.000457,0.000851,1920000.0,1920000,1920000,1920000.0,7.440000000000001,0.0254
56,lab,0.0,146248856.35164836,317766.31637225783,146831864,145734352,146262420.0,0.1724318681318681,0.0058228644940227,0.1842,0.1572,0.1728,0.2907560439560439,0.0019847310924045,0.2945,0.2882,0.2899,-2377721.1208791207,192375.54649272375,-2038380,-2993848,-2312679.0,3944.934065934066,3.9237232822415695,3948,3921,3946.0,72.00879120879121,0.4350423610659731,73.92,71.22,72.02,15.76978021978022,0.910600507628502,21.14,14.24,15.74,12.133516483516484,0.9086685908837216,13.28,6.82,12.31,13.920293406593403,0.4885461294726531,14.7604,12.9108,13.9985,0.0,0.0,0,0.0010416923076923,0.0004363588913397,0.003918,0.00035,0.000963,1920000.0,1920000,1920000,1920000.0,6.9,0.0269999999999999
57,lab,1.0,146020375.6,316731.0743306208,146604199,145513432,146025096.0,0.17743,0.0121620560244381,0.2039,0.1605,0.1784,0.29419,0.0045335714026495,0.2988,0.2854,0.29595,-2373227.1333333333,181129.8095204192,-2047902,-2772651,-2335384.0,3933.3555555555554,3.412834701406754,3936,3929,3936.0,72.00322222222222,0.4928746855747411,73.54,71.02,72.02,15.74888888888889,0.8950543821836565,21.81,14.34,15.65,12.163777777777778,0.8320349735758912,13.22,6.42,12.335,13.86638,0.6400895871637856,15.4733,12.5081,13.80995,682.6666666666666,6476.344648024841,61440,0.0010465888888888,0.0004251137559443,0.004186,0.000326,0.000982,1920000.0,1920000,1920000,1920000.0,7.469999999999999,0.0433999999999999
59,lab,1.0,146119726.13186812,315490.2141879405,146680864,145598554,146149250.0,0.1731153846153846,0.0109470840671226,0.1914,0.1576,0.1744,0.2995186813186813,0.0054388297778905,0.3078,0.2925,0.3006,-2346363.043956044,161023.91239122162,-1985644,-2694646,-2322933.0,3927.307692307693,2.41151085740555,3928,3919,3928.0,72.01417582417582,0.4852767044207667,73.59,70.69,72.05,15.747802197802198,0.953058004761285,22.33,14.6,15.58,12.114835164835164,0.8253044726205432,13.09,6.35,12.32,13.855074725274724,0.6667791269467485,15.3965,12.3175,13.9288,0.0,0.0,0,0.0010562197802197,0.0004392640512442,0.004356,0.000567,0.001039,1920000.0,1920000,1920000,1920000.0,7.729999999999999,0.0338
60,lab,2.0,145992284.8777778,304543.6303133543,146545954,145512160,146010728.0,0.1673988888888888,0.0066331224440908,0.1763,0.1571,0.16715,0.2976722222222222,0.003881764563937,0.3042,0.291,0.2973,-2337618.3444444444,169603.04911672143,-2058156,-2765693,-2326778.0,3896.9,4.484805809181103,3902,3893,3893.0,71.99977777777778,0.4047914646304965,73.83,71.03,71.97999999999999,15.708555555555556,0.7335193924676376,20.05,14.69,15.58,12.218111111111112,0.7619562263584386,13.32,6.83,12.364999999999998,13.886522222222222,0.5095703267730476,14.9402,12.7393,13.8238,0.0,0.0,0,0.0010037444444444,0.0003478793721292,0.003489,0.0005,0.000964,1920000.0,1920000,1920000,1920000.0,5.360000000000001,0.0192
61,lab,2.0,146063727.4888889,316878.5462480196,146628356,145552886,146072747.0,0.17193,0.0093226491147556,0.1836,0.1467,0.1709,0.3105988888888889,0.0202824299590482,0.3529,0.2943,0.3015,-2428025.933333333,221076.4307585995,-2067678,-2993116,-2411924.0,3900.222222222222,3.505301852003438,3907,3893,3901.0,71.99255555555555,0.3796377963657779,73.08,71.17,71.99,15.757555555555555,0.9520071181764752,22.05,14.55,15.625,12.085333333333336,0.8867326719258041,13.27,6.03,12.08,13.89823111111111,0.5857377818901415,15.738,12.5692,13.908,0.0,0.0,0,0.0010559666666666,0.0004346917401892,0.00421,0.000403,0.0010025,1920000.0,1920000,1920000,1920000.0,7.5,0.0369
63,hallway,0.0,144132369.46153846,201743.6455115664,144568500,143749972,144111924.0,0.1322758241758241,0.0071486803857517,0.1462,0.1183,0.1298,0.2585340659340659,0.002117557281409,0.2637,0.257,0.2577,-2388305.2967032967,181265.8383423206,-2089285,-2803414,-2365048.0,3811.978021978022,4.294642714354343,3816,3806,3814.0,72.00758241758243,0.2529881009908945,73.42,71.5,71.98,15.62120879120879,0.7173590998545135,21.17,14.47,15.56,12.302417582417585,0.7173862134464108,13.38,6.75,12.41,13.829686813186814,0.2639735231709552,14.5305,13.0401,13.8406,0.0,0.0,0,0.0008931428571428,0.0003463610695158,0.003736,0.000347,0.000835,1920000.0,1920000,1920000,1920000.0,6.700000000000001,0.0278999999999999
64,hallway,0.0,144759213.13186812,181099.51631313397,145091748,144452836,144757732.0,0.1854296703296703,0.0098520104491474,0.2018,0.1704,0.1816,0.2589758241758242,0.0004177560849588,0.2594,0.2581,0.2592,-2578196.274725274,170389.74935685052,-2185234,-2970410,-2570131.0,3777.032967032967,7.876054496525767,3787,3768,3778.0,72.0021978021978,0.2190017868917566,73.46,71.4,71.98,15.257362637362638,0.9562168921383604,23.47,14.41,15.11,12.570109890109888,0.9693371096963286,13.24,4.28,12.7,14.072892307692308,0.2175692309898259,14.6892,13.5214,14.0452,675.1648351648352,6440.662036819466,61440,0.0007384725274725,0.0004773146723693,0.004917,0.000401,0.000658,2054400.0,2054400,2054400,2054400.0,9.06,0.0314
65,hallway,1.0,145116994.74725273,198753.79749499168,145537308,144726646,145092982.0,0.2064175824175824,0.0110112023100375,0.2261,0.1892,0.2046,0.2742736263736263,0.0039398487045072,0.2883,0.2696,0.2738,-2610934.824175824,196464.34803018157,-2214532,-3205523,-2591006.0,3789.4175824175823,4.802929508969719,3791,3775,3791.0,72.00846153846155,0.339437191299962,73.27,71.33,72.0,15.3678021978022,0.7096052144957506,20.03,14.31,15.26,12.377362637362635,0.6714277245208071,13.31,7.72,12.48,13.936527472527471,0.4720796717282968,14.7298,12.8167,13.9392,0.0,0.0,0,0.0008564395604395,0.000315911739038,0.003154,0.000368,0.0008,2054400.0,2054400,2054400,2054400.0,5.720000000000001,0.0368999999999999
66,hallway,1.0,144681976.53846154,248306.6935515957,145213907,144173368,144714470.0,0.202067032967033,0.0933890120290688,0.4404,0.1499,0.1622,0.2734395604395604,0.0036369058620047,0.2778,0.2668,0.2735,-2585307.5164835164,297195.12432333664,-2069509,-3492273,-2562441.0,3790.3846153846152,7.028148532499372,3797,3783,3797.0,72.01604395604396,0.5728231821831217,75.55,69.49,72.01,15.733956043956043,0.8327876601723201,21.1,14.5,15.71,12.147912087912088,0.7933186504012627,13.1,6.69,12.29,13.956858241758242,0.6286383431346648,17.2848,12.811,13.9394,17104.175824175825,163163.43826609314,1556480,0.0010135274725274,0.0003920057068932,0.003814,0.000491,0.000995,1920000.0,1920000,1920000,1920000.0,6.600000000000001,0.2905
67,hallway,2.0,144653737.8791209,199286.5515655857,145078595,144200768,144631400.0,0.1457780219780219,0.0140824698133514,0.1787,0.1244,0.1428,0.279645054945055,0.0090431590318166,0.3026,0.2689,0.2774,-2489498.659340659,209428.7864784283,-2127005,-3013258,-2470886.0,3767.846153846154,17.61118525692828,3790,3754,3754.0,72.01054945054945,0.3534696675258091,72.92,70.89,72.01,15.667472527472528,0.9388333107362484,22.01,14.05,15.54,12.195384615384617,0.8620367454043654,13.37,6.35,12.41,13.91066153846154,0.5804474744672293,15.0189,12.4042,13.9469,0.0,0.0,0,0.000994934065934,0.0004296949512851,0.004121,0.000201,0.000935,1920000.0,1920000,1920000,1920000.0,7.960000000000001,0.0543
68,hallway,2.0,144671724.53846154,204008.09328608363,145096032,144232564,144663524.0,0.1462802197802198,0.0083419584668272,0.1582,0.1356,0.1509,0.2894648351648352,0.0146046063785549,0.3109,0.2672,0.2938,-2512985.0659340657,244317.0268919645,-2043507,-3129349,-2466491.0,3755.703296703297,16.539175382839417,3777,3743,3743.0,72.01043956043956,0.3536473827224956,73.11,71.25,71.99,15.607032967032968,0.8430678033962162,21.67,14.3,15.55,12.27054945054945,0.8493479363440622,13.3,6.36,12.39,13.866774725274729,0.5125320149552518,14.9818,12.6623,13.9106,18049.406593406595,165793.27390873636,1581056,0.0009510879120879,0.0004065911035904,0.003993,0.000375,0.000925,1920000.0,1920000,1920000,1920000.0,7.370000000000001,0.0226
69,kitchen,0.0,144545023.4065934,269636.79280002246,145092596,143989595,144556660.0,0.2098813186813186,0.077715492395286,0.4098,0.1456,0.1963,0.348854945054945,0.0289173545114589,0.4306,0.3323,0.337,-2806178.395604396,277622.3556331265,-2335751,-3702484,-2826852.0,3621.285714285714,3.634054100636266,3627,3619,3619.0,72.00835164835165,0.5627102347592482,75.07,69.9,71.98,15.802087912087911,0.818925470063623,21.02,14.2,15.74,12.067032967032969,0.8024912522963786,13.42,7.01,12.19,13.911886813186811,0.4915461737571426,16.5944,12.3031,13.9179,0.0,0.0,0,0.0010005384615384,0.0004124344340536,0.003688,0.000244,0.000925,1920000.0,1920000,1920000,1920000.0,6.82,0.2642
70,kitchen,0.0,144791865.7912088,299629.8432194282,145377268,144276027,144708628.0,0.1632164835164835,0.0226932308249558,0.1947,0.1368,0.1606,0.3320516483516483,0.0137361110672834,0.3426,0.2872,0.3359,-2771113.791208791,244077.68516703945,-2203179,-3404747,-2773750.0,3640.692307692308,7.004272200580421,3647,3633,3647.0,71.99879120879122,0.2764611090384042,73.62,71.42,71.97,15.739450549450549,0.7443914182999319,21.01,14.63,15.7,12.187912087912087,0.7331265109614308,13.34,6.57,12.28,13.856775824175823,0.3031930929807893,14.507,13.1613,13.8532,0.0,0.0,0,0.0009450989010989,0.0003617059288963,0.003743,0.000433,0.0009,1920000.0,1920000,1920000,1920000.0,6.380000000000001,0.0579
71,kitchen,1.0,145492834.2197802,299304.5612594145,146186795,145043696,145414080.0,0.1707725274725274,0.0094381738574326,0.1889,0.1531,0.1724,0.3400527472527472,0.0017079123487359,0.3427,0.3365,0.3398,-2650671.659340659,222537.06969892143,-2222589,-3090164,-2636051.0,3644.681318681319,7.686755016663804,3659,3640,3640.0,72.00153846153846,0.4367428001745115,72.99,71.22,72.01,15.742307692307692,0.8369270204783918,21.14,14.52,15.67,12.144615384615385,0.7057672069651225,13.21,7.44,12.14,13.944498901098902,0.546962523090427,15.2313,12.6952,13.9941,0.0,0.0,0,0.0010262527472527,0.0003658985771253,0.003675,0.000497,0.000973,1920000.0,1920000,1920000,1920000.0,6.620000000000001,0.0358
72,kitchen,1.0,145545084.56043956,309477.4251665801,146135900,144965414,145485500.0,0.1568670329670329,0.008432609388493,0.1725,0.1452,0.1556,0.3452142857142857,0.0043916479171913,0.3537,0.3393,0.3428,-2673494.010989011,235886.36722868145,-2318172,-3609098,-2596133.0,3621.098901098901,15.731818391085412,3648,3612,3612.0,71.9289010989011,0.9712620089913376,73.03,63.48,72.04,16.005714285714287,1.475219865238281,26.3,14.29,15.75,12.075604395604396,0.9490278169336224,13.17,5.56,12.25,13.884153846153849,0.5238817424461134,14.8827,12.2618,13.8787,0.0,0.0,0,0.0011337912087912,0.0005976365955715,0.004651,0.000424,0.001009,1920000.0,1920000,1920000,1920000.0,12.010000000000002,0.0272999999999999
73,kitchen,2.0,145560499.30769232,333161.26194896275,146312517,144974532,145495560.0,0.1537780219780219,0.0061658702584433,0.1645,0.1437,0.1524,0.2816714285714286,0.0129480610793387,0.311,0.2651,0.2799,-2609687.274725274,217247.86480838296,-2161796,-3102982,-2613712.0,3644.901098901099,1.0006103143687142,3646,3644,3644.0,72.00934065934067,0.445485508425737,73.52,71.27,72.01,15.666263736263735,0.8440190207857333,21.52,14.32,15.64,12.143186813186812,0.8180734538072827,13.17,6.5,12.22,13.893937362637365,0.580535126059158,15.4436,12.868,13.8345,0.0,0.0,0,0.0010065054945054,0.0003975856406312,0.004032,0.000463,0.000995,1920000.0,1920000,1920000,1920000.0,7.199999999999999,0.0208
74,kitchen,2.0,145441390.07692307,319923.0838233448,146024336,144854184,145377124.0,0.1572912087912087,0.0104472819256349,0.1703,0.141,0.1575,0.2919461538461538,0.0155890510558055,0.3151,0.2683,0.293,-2581150.274725274,190888.5807451892,-2249323,-3100784,-2526185.0,3649.967032967033,16.852596601414366,3658,3615,3658.0,72.02065934065934,0.4030599685125502,73.16,71.19,71.99,15.82956043956044,0.8712391074886282,22.13,14.13,15.8,12.131648351648352,0.8959467540432219,13.33,6.3,12.27,13.909156043956044,0.53098340175121,15.0458,12.8997,13.8713,0.0,0.0,0,0.0010567032967032,0.0004309978730162,0.00429,0.000358,0.001023,1920000.0,1920000,1920000,1920000.0,7.999999999999998,0.0293
76,hallway,0.0,143779791.32967034,185270.56940611987,144166100,143425332,143769044.0,0.1361472527472527,0.0082998305291847,0.1482,0.122,0.1386,0.2581615384615384,0.0032873416896658,0.2655,0.2536,0.2576,-2505431.340659341,192601.78887211363,-2059255,-2877390,-2519593.0,3593.0,7.389181280764036,3596,3575,3596.0,72.00857142857143,0.2696646947953084,73.18,71.45,71.99,15.747582417582418,0.863161296448945,21.59,14.23,15.61,12.10087912087912,0.8509950363501256,13.31,6.04,12.21,13.948105494505493,0.2656981116324137,14.601,13.4844,13.9217,17824.351648351647,163648.02819237625,1560576,0.0009648131868131,0.0004308187273368,0.004049,0.000299,0.000897,1920000.0,1920000,1920000,1920000.0,7.359999999999999,0.0262
77,hallway,0.0,143798445.7912088,199810.6448280599,144178340,143435524,143781620.0,0.1396648351648351,0.0079786294231858,0.1539,0.1245,0.14,0.2551571428571428,0.0021211183034293,0.2615,0.2518,0.2556,-2544117.8021978023,187159.78089650325,-2230646,-3038893,-2529481.0,3590.131868131868,2.4322316739469345,3592,3587,3592.0,72.00857142857143,0.2774469776314482,73.36,71.43,72.0,15.674725274725276,0.7045744825532652,21.17,14.58,15.67,12.17164835164835,0.7258669356726534,13.35,6.68,12.26,13.979010989010987,0.367931211400099,14.8316,12.7788,13.9513,17824.351648351647,163648.02819237625,1560576,0.0009372417582417,0.0003509262455166,0.003744,0.000386,0.000898,1920000.0,1920000,1920000,1920000.0,6.590000000000002,0.0294
78,hallway,1.0,144788863.7912088,190534.9444028434,145188072,144403826,144773654.0,0.1468241758241758,0.008614939745186,0.1602,0.1307,0.1499,0.2725934065934066,0.0024366553669506,0.2811,0.2697,0.2726,-2530511.340659341,191467.21072034008,-2119315,-3103348,-2501282.0,3594.5494505494507,6.890031021159059,3599,3584,3599.0,72.01989010989011,0.4089430672287192,73.27,71.07,72.02,15.743296703296703,0.9998022637224654,23.06,14.47,15.64,12.147472527472528,0.9035578975565848,13.07,5.51,12.15,13.979757142857142,0.5185105708003899,15.4192,13.164,13.9263,675.1648351648352,6440.662036819466,61440,0.0010214395604395,0.0004792446187906,0.00472,0.000564,0.000957,1920000.0,1920000,1920000,1920000.0,8.589999999999998,0.0295
79,hallway,1.0,144714395.64835164,185625.14716446347,145290266,144325608,144693612.0,0.1487505494505494,0.0099285936525256,0.1566,0.1268,0.1525,0.2732373626373626,0.0032855795481212,0.2789,0.2671,0.2732,-2602632.5384615385,206798.607123845,-2189995,-3109574,-2591006.0,3563.725274725274,3.326880200447699,3581,3563,3563.0,72.00780219780219,0.3037279564851947,72.68,71.25,72.06,15.615384615384617,0.7270003938441663,20.41,14.38,15.56,12.278131868131869,0.748334316388236,13.3,6.86,12.32,13.879351648351648,0.5285096509920111,16.0829,12.8004,13.9331,675.1648351648352,6440.662036819466,61440,0.0009553846153846,0.0003602449404141,0.003616,0.000397,0.000961,1920000.0,1920000,1920000,1920000.0,6.029999999999999,0.0297999999999999
80,hallway,2.0,144700742.8021978,188732.84185361257,145087600,144329652,144691012.0,0.1495450549450549,0.0158120577319705,0.1799,0.1223,0.1462,0.2827637362637362,0.0216364225656827,0.321,0.2569,0.2774,-2640172.021978022,226664.6297535917,-2251886,-3216876,-2617008.0,3552.912087912088,0.2847358092592769,3553,3552,3553.0,72.01681318681318,0.3674079752381822,72.9,71.18,72.03,15.715604395604394,0.8895344709968096,21.97,14.37,15.66,12.16945054945055,0.8241175248407808,13.27,6.36,12.41,13.869593406593408,0.5081369082359589,14.9882,12.6594,13.8867,17374.24175824176,165739.703080821,1581056,0.0010035384615384,0.0004277151000813,0.004236,0.00037,0.000961,1920000.0,1920000,1920000,1920000.0,7.6,0.0576
81,hallway,2.0,145374830.68131867,200709.12690685643,145790464,144966366,145344790.0,0.1572472527472527,0.0126101223948535,0.1766,0.1321,0.1594,0.2743714285714286,0.0063390375314708,0.2843,0.2641,0.2749,-2623249.5494505493,236185.19721637768,-2160331,-3124589,-2599429.0,3563.428571428572,2.9856801091685217,3566,3560,3566.0,72.01362637362637,0.434671054383571,73.44,71.17,71.98,15.7610989010989,1.010918669714116,22.67,14.44,15.62,12.106703296703298,0.9415684962928792,13.15,5.55,12.2,13.956751648351648,0.5054304142373526,14.9461,12.4489,14.0386,0.0,0.0,0,0.0010241648351648,0.0004738752124472,0.004512,0.000457,0.000964,1920000.0,1920000,1920000,1920000.0,8.230000000000002,0.0445
82,lab,0.0,144999765.73626372,276626.1959037472,145651767,144507852,144924780.0,0.1444637362637362,0.014131159553613,0.1713,0.1202,0.1466,0.2872846153846154,0.0014586083989674,0.2902,0.2849,0.2872,-2448333.164835165,199285.5450987777,-2129935,-3116532,-2412657.0,3908.263736263736,0.6804437250821891,3910,3908,3908.0,72.01274725274725,0.3949010169483151,74.2,71.16,72.0,15.623516483516484,0.9480932603287668,23.26,14.42,15.63,12.163516483516483,0.8948275732432401,13.32,4.77,12.19,13.96505054945055,0.4726994279604527,14.9115,13.0426,13.9694,0.0,0.0,0,0.0009511868131868,0.0004665482686017,0.004865,0.000404,0.000928,1920000.0,1920000,1920000,1920000.0,8.840000000000002,0.0511
83,lab,0.0,145818378.30769232,274324.18343228864,146512355,145364872,145785660.0,0.164043956043956,0.0088225998787357,0.1826,0.1508,0.161,0.2980868131868132,0.0016959565502302,0.3008,0.2953,0.2976,-2393693.9340659343,166655.34938341068,-1998828,-2765327,-2369443.0,3909.56043956044,5.346252667281893,3960,3909,3909.0,72.00692307692307,0.4119268875465178,73.7,71.25,72.0,15.743076923076924,0.91709164973687,22.39,14.35,15.71,12.0610989010989,0.9332933926566483,13.28,5.26,12.13,13.935901098901098,0.4513751670652958,15.1111,12.9782,13.8681,0.0,0.0,0,0.0010311208791208,0.0004627031166036,0.004575,0.000279,0.001015,1920000.0,1920000,1920000,1920000.0,8.040000000000001,0.0318
84,lab,1.0,145764999.5054945,309478.20400450926,146472207,145138200,145777407.0,0.1762461538461538,0.0462763854050188,0.3874,0.156,0.165,0.3054406593406593,0.012903608263858,0.361,0.2957,0.3063,-2434444.978021978,258378.34502437088,-1944628,-3397789,-2411192.0,3920.076923076923,12.235858748622949,3941,3913,3913.0,72.03857142857143,0.5263344340891407,73.92,71.06,71.98,15.71021978021978,0.8790474364927046,21.61,14.65,15.66,12.126373626373626,0.865969612609686,13.28,6.48,12.25,13.922602197802195,0.6093014369802741,15.8808,12.6743,13.9759,0.0,0.0,0,0.0010457032967032,0.0004264331781574,0.003993,0.000537,0.000998,1920000.0,1920000,1920000,1920000.0,6.959999999999999,0.2314
87,lab,1.0,145770242.57142857,295890.79214123974,146520885,145193550,145721032.0,0.1601945054945055,0.008438093026236,0.1783,0.1509,0.1551,0.3542461538461539,0.0039867086868552,0.3584,0.3413,0.3555,-2466306.10989011,210090.3010117554,-2060353,-2956494,-2463195.0,3885.472527472528,10.27222864419739,3896,3871,3892.0,72.00934065934067,0.4814764380938703,73.86,70.88,72.04,15.717252747252749,0.8580340137444256,22.0,14.54,15.73,12.09989010989011,0.8250717066554403,13.39,5.89,12.11,13.915504395604396,0.5385666410662221,15.327,12.937,13.8486,0.0,0.0,0,0.001012956043956,0.0004004701379375,0.004161,0.000396,0.001033,1920000.0,1920000,1920000,1920000.0,7.460000000000001,0.0273999999999999
88,lab,2.0,145723393.4945055,296835.5319580432,146471875,145176650,145665790.0,0.1599395604395604,0.0133018952627968,0.1865,0.1401,0.1552,0.3024362637362637,0.00763162304688,0.3151,0.2894,0.3038,-2409920.274725274,215050.2002737484,-2055592,-3064895,-2432799.0,3824.307692307693,13.95205465369986,3869,3820,3820.0,72.00681318681319,0.486337512252732,74.3,70.64,72.0,15.654725274725276,0.916583439445205,21.29,14.34,15.48,12.15175824175824,0.8499837820761228,13.29,6.48,12.3,13.976446153846156,0.5129188860082378,15.6636,12.818,13.9976,0.0,0.0,0,0.001011978021978,0.0004262182533768,0.003972,0.000478,0.00095,1920000.0,1920000,1920000,1920000.0,6.949999999999999,0.0464
89,lab,2.0,145723466.42222223,312173.1787538245,146375475,145134298,145665026.0,0.1628333333333333,0.0123202582783375,0.1815,0.1375,0.16595,0.3092222222222222,0.0059110214668468,0.3205,0.2999,0.308,-2401507.511111111,203465.63698759928,-1987842,-2966015,-2383908.5,3875.777777777778,6.495941304631131,3883,3870,3870.0,72.00244444444445,0.4220317659674969,73.43,70.78,71.955,15.704555555555556,0.7036632256137517,20.26,14.73,15.705,12.19688888888889,0.837765412506395,13.37,7.12,12.335,13.93787888888889,0.4616607406277405,15.2413,13.1388,13.9729,0.0,0.0,0,0.0009981333333333,0.0003620136318744,0.003428,0.000403,0.000967,1920000.0,1920000,1920000,1920000.0,5.530000000000001,0.0439999999999999
90,lab,0.0,144713842.47777778,280446.5129162489,145213108,144254116,144746260.0,0.1546044444444444,0.0099039081051525,0.1766,0.1351,0.1549499999999999,0.2955488888888888,0.0027562082912615,0.3023,0.2928,0.2942,-2517684.6333333333,181027.04318263705,-2044972,-2982129,-2528199.0,3781.511111111111,5.831422908140158,3784,3768,3784.0,71.99877777777778,0.3439716077183621,73.34,71.08,72.05,15.776666666666667,1.1268320912175662,24.71,14.47,15.695,12.09088888888889,0.9591916592636732,13.3,4.39,12.17,13.972838888888887,0.3620179484328303,14.8039,13.2874,14.0123,682.6666666666666,6476.34464802484,61440,0.0010034111111111,0.0005189122351037,0.005332,0.00033,0.0008885,1920000.0,1920000,1920000,1920000.0,10.24,0.0415
91,lab,0.0,145841784.92307693,283757.9547519687,146377668,145365384,145868582.0,0.1667153846153846,0.009119611627658,0.1844,0.1548,0.1655,0.3460417582417582,0.0011092606079994,0.3491,0.3445,0.3458,-2655412.4285714286,275901.1693078252,-2193291,-3616422,-2619937.0,3744.0,0.0,3744,3744,3744.0,72.02274725274725,0.4003916580717941,74.12,71.07,72.0,15.942527472527471,0.8207606139112585,22.03,14.67,15.77,12.025494505494503,0.807491676924789,13.37,6.7,12.2,13.79251978021978,0.4398412817823618,14.7602,12.6072,13.8085,675.1648351648352,6440.662036819466,61440,0.0010975934065934,0.0004163279684207,0.004206,0.000422,0.001019,1920000.0,1920000,1920000,1920000.0,7.360000000000001,0.0296
92,lab,1.0,146303664.54945055,295897.2736576812,147035996,145820808,146317256.0,0.1689351648351648,0.0088187599736316,0.1829,0.1535,0.1691,0.3495010989010989,0.0033599766700742,0.3565,0.3464,0.348,-2596072.7252747254,217765.35317931668,-2235406,-3200396,-2550722.0,3737.120879120879,0.9981668178900116,3738,3736,3738.0,72.00934065934067,0.4521597608461509,74.0,70.9,72.07,15.80989010989011,0.9766490265818728,22.65,14.56,15.69,12.085384615384616,0.9661415903735708,13.38,4.92,12.19,13.918472527472526,0.6057451314182181,15.1374,12.1407,13.8863,0.0,0.0,0,0.0010728021978021,0.0004803271158464,0.004702,0.000375,0.001033,1920000.0,1920000,1920000,1920000.0,8.089999999999998,0.0294
93,lab,1.0,146302178.91208792,298147.7407903597,146877003,145786396,146316048.0,0.1624989010989011,0.0077569394667039,0.1776,0.1502,0.1608,0.347821978021978,0.0039087026036724,0.3531,0.3416,0.3489,-2575886.351648352,203006.77687168613,-2136893,-2998243,-2572329.0,3748.5824175824177,4.580310358397805,3751,3740,3751.0,72.00692307692307,0.4051657885845201,73.33,71.18,71.97,15.721868131868131,0.8253011734282385,20.79,14.43,15.65,12.108461538461537,0.8647991713904488,13.07,6.58,12.25,13.971216483516482,0.6016259861157256,15.2621,12.674,13.9799,0.0,0.0,0,0.0010424175824175,0.0003881253252905,0.003754,0.000484,0.00096,1920000.0,1920000,1920000,1920000.0,6.359999999999999,0.0274
94,lab,2.0,146053119.0989011,303724.2683091117,146738771,145569616,146067608.0,0.1625571428571428,0.0059198938214416,0.1722,0.1497,0.1631,0.3024065934065934,0.0129741264077376,0.3239,0.2864,0.2958,-2533960.208791209,179989.5900482715,-2208306,-3025343,-2556948.0,3737.7582417582416,2.9186780087362787,3740,3734,3740.0,71.9976923076923,0.433469406643337,73.9,71.14,71.98,15.605274725274723,0.8133064758671382,20.54,14.45,15.48,12.15989010989011,0.8139690063789555,13.3,6.54,12.3,13.990286813186811,0.5718518048525025,15.094,12.8983,14.0095,0.0,0.0,0,0.0010125604395604,0.000383975873339,0.003649,0.000483,0.001017,1920000.0,1920000,1920000,1920000.0,6.09,0.0224999999999999
95,lab,2.0,146238674.4945055,297918.85911211383,146763042,145731192,146245002.0,0.1676494505494505,0.0164817634818768,0.2051,0.1445,0.1631,0.3025164835164835,0.0084068261118406,0.3152,0.2943,0.2962,-2561998.1428571427,225546.95651369463,-2207574,-3159379,-2499085.0,3714.692307692308,3.437351395389566,3717,3709,3717.0,72.00725274725275,0.3273837908634885,73.54,71.26,71.97,15.603186813186817,0.8768135227070541,22.15,14.43,15.6,12.243626373626377,0.774659088436135,13.43,6.45,12.29,13.983472527472529,0.4753757089727225,15.1129,13.0654,14.0641,0.0,0.0,0,0.0009635274725274,0.000433672875709,0.004322,0.000354,0.000969,1920000.0,1920000,1920000,1920000.0,7.719999999999999,0.0606
96,lab,0.0,145514867.8901099,276298.20474500966,146064884,144999684,145450756.0,0.1496362637362637,0.0114133305732426,0.1699,0.1351,0.1496,0.2876835164835165,0.0013076071221266,0.2902,0.2863,0.287,-2580478.164835165,169808.74608722888,-2192192,-2966748,-2577456.0,3675.142857142857,4.850135000575531,3686,3673,3673.0,72.00879120879121,0.2289776076622879,73.27,71.57,72.01,15.754615384615386,0.7482562064075048,21.61,14.23,15.66,12.08076923076923,0.7472694453352309,13.56,6.67,12.09,13.879916483516483,0.4021256902080176,14.7812,12.691,13.9385,0.0,0.0,0,0.0009968681318681,0.0003744029976373,0.00401,0.00025,0.00094,1920000.0,1920000,1920000,1920000.0,7.379999999999999,0.0348
97,lab,0.0,145269314.3846154,281727.35342461045,145828556,144726076,145247300.0,0.1607472527472527,0.0265881023544965,0.3747,0.1394,0.1609,0.2925472527472527,0.015186217001386,0.4102,0.2874,0.2885,-2600427.1428571427,233629.3692125096,-2127371,-3696990,-2580752.0,3689.3846153846152,4.127870666495764,3690,3662,3690.0,72.02758241758242,0.3306604188231669,73.66,71.25,71.99,15.87087912087912,0.8182782036442241,20.99,14.58,15.69,11.992967032967032,0.7961218423017842,12.95,6.93,12.13,13.93246813186813,0.3683226076505095,14.7049,13.031,13.9532,0.0,0.0,0,0.0010546483516483,0.0004030420263067,0.003581,0.000553,0.000935,1920000.0,1920000,1920000,1920000.0,6.409999999999998,0.2352999999999999
98,lab,1.0,146226581.0989011,280559.7811009429,146786368,145688516,146170872.0,0.1661098901098901,0.0098779671204268,0.1859,0.1473,0.1656,0.3036472527472527,0.0020106019363664,0.3065,0.3004,0.3038,-2544174.0659340657,189436.7771000131,-2133597,-2893870,-2533143.0,3680.538461538461,6.354889093022352,3684,3669,3684.0,72.01208791208792,0.4887637840818773,73.26,70.9,72.02,15.73054945054945,0.9513117991458632,22.13,14.36,15.61,12.14912087912088,0.8267495232020244,13.13,6.25,12.29,14.020993406593409,0.6198250544938191,15.6667,12.8874,13.9412,0.0,0.0,0,0.001024923076923,0.0004261538905859,0.004167,0.000508,0.000957,1920000.0,1920000,1920000,1920000.0,7.77,0.0386
99,lab,1.0,146473915.45054945,282267.1565547025,147225919,145942228,146412354.0,0.1683120879120879,0.0107533853601225,0.1868,0.152,0.164,0.2986197802197802,0.0023978332710187,0.3031,0.295,0.2996,-2586108.3626373624,216466.1242181128,-2259577,-3104446,-2584414.0,3669.3846153846152,2.541955637209173,3674,3668,3668.0,72.0157142857143,0.3884474592160797,72.87,71.23,72.0,15.70021978021978,0.9501040621625236,22.41,14.57,15.49,12.12131868131868,0.8391122409245101,13.21,6.06,12.22,13.909895604395604,0.5089556570756952,15.1084,12.8381,13.9101,0.0,0.0,0,0.0010293296703296,0.0004292590011984,0.00429,0.000519,0.000979,1920000.0,1920000,1920000,1920000.0,7.84,0.0348
100,lab,2.0,146435651.6222222,292217.83017482294,147209861,145895486,146378828.0,0.1588355555555555,0.0072720229031281,0.1723,0.1458,0.16,0.3162766666666666,0.0120018729811717,0.3417,0.304,0.3123,-2571722.488888889,203729.94641912144,-2183403,-3072952,-2565370.5,3652.8555555555554,7.416291073265338,3658,3623,3654.0,72.00122222222222,0.3597528108213794,72.88,71.07,72.005,15.733666666666666,0.8076814507234253,20.85,14.63,15.685,12.086777777777778,0.7820368504461157,13.03,7.02,12.23,13.926646666666668,0.5697337373770469,15.0026,12.6045,13.87455,0.0,0.0,0,0.0010329888888888,0.0003825307065428,0.003547,0.000505,0.0009915,1920000.0,1920000,1920000,1920000.0,6.220000000000001,0.0264999999999999
101,lab,2.0,146248472.94505495,290070.56780705124,146966319,145783488,146180256.0,0.1639758241758241,0.0088872485513338,0.1824,0.1526,0.1654,0.3161472527472527,0.0050650291358016,0.3282,0.3111,0.3142,-2563225.6373626376,185931.7016336026,-2202080,-2951000,-2543031.0,3650.0,0.0,3650,3650,3650.0,72.00989010989011,0.3383439883560141,73.44,71.4,72.01,15.676043956043957,0.8841516701472528,22.14,14.32,15.66,12.187362637362638,0.8677977685111706,13.34,5.84,12.31,13.950725274725276,0.4596021055926543,14.8279,13.0234,13.8998,0.0,0.0,0,0.0010048351648351,0.0004347544712883,0.004362,0.000365,0.000987,1920000.0,1920000,1920000,1920000.0,7.82,0.0297999999999999
102,conference,0.0,145269255.08791208,295002.41944567184,145800259,144787036,145297724.0,0.2127802197802197,0.1084136811987411,0.4771,0.1329,0.1806,0.2492571428571428,0.0011554838195071,0.2517,0.2466,0.2495,-2736950.7802197803,220489.01851721425,-2258112,-3409874,-2714056.0,3554.978021978022,7.783141356630275,3565,3549,3549.0,72.00461538461539,0.3091504764576915,73.23,70.89,71.97,15.667032967032968,0.724848634782148,20.52,14.66,15.59,12.267692307692307,0.7032876397843942,13.41,7.88,12.38,13.787127472527471,0.4252723527513304,15.5726,12.6531,13.8046,0.0,0.0,0,0.000922989010989,0.0003466328667658,0.00333,0.000466,0.000845,1920000.0,1920000,1920000,1920000.0,5.859999999999999,0.3442
103,conference,0.0,145680026.63736263,299512.63750743604,146209512,145187094,145734872.0,0.1517428571428571,0.0081550685378568,0.161,0.1373,0.155,0.2928747252747253,0.0003491556184706,0.2937,0.2923,0.2928,-2743695.6263736263,245977.47210315568,-2226617,-3295613,-2687688.0,3583.967032967033,18.68418853198853,3599,3561,3599.0,72.00923076923077,0.3082900177474696,73.22,71.33,72.0,15.573406593406594,0.8683179394415639,21.78,14.39,15.48,12.205604395604396,0.8364039544930283,13.3,5.83,12.32,14.021747252747254,0.3719251550575612,15.026,13.184,14.0123,0.0,0.0,0,0.0009341428571428,0.0004216729267368,0.004241,0.000332,0.000848,1920000.0,1920000,1920000,1920000.0,7.390000000000001,0.0237
104,conference,1.0,145876454.37362638,301895.6804461043,146494357,145384848,145928768.0,0.1556604395604395,0.0082106283305492,0.169,0.1439,0.1528,0.3034395604395604,0.0022401824886419,0.3071,0.2988,0.3035,-2918410.769230769,222037.17786208083,-2461364,-3387535,-2878855.0,3576.5714285714284,6.535616704970063,3583,3570,3583.0,72.00824175824175,0.4010253342138362,72.99,70.93,72.0,15.6210989010989,0.8052459259263607,20.6,14.44,15.64,12.274395604395604,0.6949679589595942,13.37,7.58,12.33,13.778485714285717,0.5571424010213842,15.1532,12.6567,13.7314,0.0,0.0,0,0.0009585384615384,0.0003720448392239,0.003518,0.000358,0.000946,1920000.0,1920000,1920000,1920000.0,6.160000000000002,0.0251
105,conference,1.0,146078897.81318682,302781.8284637366,146603508,145568310,146124196.0,0.1514340659340659,0.0059122137192654,0.1615,0.141,0.1498,0.2984560439560439,0.0014023162419692,0.3009,0.2965,0.2985,-2918849.4065934066,204778.0872578888,-2481872,-3339193,-2953564.0,3564.010989010989,1.4180934422625804,3565,3562,3565.0,72.00571428571429,0.5391312824187998,73.25,70.9,71.9,15.527692307692307,0.810952905774814,19.88,14.21,15.49,12.227252747252749,0.7061020793908953,13.27,7.85,12.42,14.091036263736264,0.6540981259237764,15.8134,12.7784,14.0454,0.0,0.0,0,0.0009745824175824,0.0003307504284345,0.003088,0.000431,0.000927,1920000.0,1920000,1920000,1920000.0,5.669999999999998,0.0205
106,conference,2.0,146080631.15384614,306411.1288535197,146611188,145545748,146113228.0,0.1503428571428571,0.0109994458734887,0.1671,0.1297,0.151,0.315567032967033,0.004723229943471,0.3207,0.3021,0.3158,-2670310.736263736,193445.12473394017,-2328060,-3273274,-2632755.0,3562.3406593406594,4.7357265785837885,3565,3554,3565.0,72.00758241758243,0.4266649496302446,73.52,70.79,72.01,15.726483516483516,0.8386104560208496,21.29,14.28,15.68,12.115824175824176,0.8051667404044206,13.23,6.53,12.35,13.888517582417585,0.5606506023448525,15.1281,12.7531,13.9355,0.0,0.0,0,0.0010212967032967,0.0004006846777567,0.004041,0.0004,0.000995,1920000.0,1920000,1920000,1920000.0,7.01,0.0373999999999999
107,conference,2.0,145796153.03296703,306183.6842513146,146415565,145294216,145841116.0,0.1520714285714285,0.009094116360645,0.1643,0.1327,0.1543,0.3136571428571428,0.0099458438316619,0.3257,0.2924,0.3185,-2663891.791208791,176562.8190098996,-2394346,-3288655,-2636417.0,3560.285714285714,18.725078676164884,3574,3535,3574.0,72.00835164835165,0.3256387355346203,73.81,71.33,72.01,15.740769230769232,0.8212527432989603,20.79,14.49,15.65,12.180769230769233,0.7907172985042414,13.24,6.84,12.2,13.903668131868132,0.4149211774888013,14.6996,12.8877,13.9382,0.0,0.0,0,0.0010006483516483,0.0003913211347793,0.003712,0.000449,0.000961,1920000.0,1920000,1920000,1920000.0,6.299999999999999,0.0315999999999999
108,hallway,0.0,144509274.93406594,192623.04922976703,144997005,144106206,144487936.0,0.1437791208791208,0.0103793760943251,0.1596,0.1314,0.1405,0.2716,0.0014650748938004,0.2739,0.2691,0.272,-2245620.340659341,150455.4219870989,-1945726,-2632023,-2220758.0,4027.428571428572,6.44660609613557,4035,4022,4022.0,72.0067032967033,0.3094190073349118,73.57,71.42,71.98,15.706263736263736,0.9847759455854224,23.91,14.41,15.59,12.145054945054946,0.9770390343918074,13.29,3.86,12.26,13.89869010989011,0.4427508459255221,14.8708,12.871,13.9251,17824.351648351647,163648.02819237622,1560576,0.0009606483516483,0.0004889054299288,0.005207,0.00034,0.000887,1920000.0,1920000,1920000,1920000.0,9.5,0.0282
109,hallway,0.0,143778213.6153846,199926.84813961777,144185188,143378260,143743396.0,0.1575318681318681,0.053239030960212,0.4583,0.1213,0.1403,0.2764230769230769,0.0230678230775784,0.4045,0.2664,0.2694,-2321741.835164835,264492.1041554196,-1959277,-3393394,-2251154.0,4035.076923076923,10.082141273041804,4047,4026,4026.0,72.02857142857144,0.4380552259160725,73.77,71.33,71.99,15.78703296703297,0.973647773987076,21.14,14.53,15.67,12.026593406593408,0.9281262124184764,13.12,6.76,12.16,13.96402967032967,0.3867171120813721,14.8697,13.0182,13.966,0.0,0.0,0,0.001023989010989,0.0004656046843623,0.003761,0.000484,0.000939,1920000.0,1920000,1920000,1920000.0,6.610000000000001,0.3369999999999999
110,hallway,1.0,144642976.05494505,220746.1762169145,145239651,144193874,144609864.0,0.1498934065934065,0.0028090252242766,0.1531,0.1438,0.1504,0.2856835164835165,0.0030657340515324,0.2911,0.2806,0.2858,-2245342.659340659,160271.74089639273,-1992603,-2567568,-2226617.0,4057.3406593406594,3.967142213006495,4059,4044,4059.0,72.00428571428571,0.3889477053028052,73.87,70.94,72.01,15.65989010989011,0.8097468664897625,22.01,14.73,15.59,12.251978021978022,0.7737803589882876,13.04,6.05,12.33,13.93052967032967,0.4976192014637754,15.2632,13.0147,13.9827,0.0,0.0,0,0.0009753736263736,0.0003902206113455,0.00427,0.000602,0.00092,1920000.0,1920000,1920000,1920000.0,7.280000000000001,0.0093
111,hallway,1.0,145361706.41758242,194386.76441330567,145779952,144970936,145346398.0,0.1484912087912088,0.0093724139941716,0.1731,0.1387,0.1473,0.2772351648351648,0.0013067664610168,0.2793,0.2755,0.2767,-2211573.923076923,168845.30884347833,-1843551,-2584780,-2231378.0,4066.736263736264,2.5158836081326146,4067,4043,4067.0,72.01120879120879,0.3451049282137414,73.68,71.26,72.01,15.607362637362638,0.8830878088525956,22.48,14.66,15.55,12.289450549450548,0.8965729351720516,13.19,5.32,12.48,13.844635164835164,0.4299635990726105,14.6359,12.8365,13.8291,17194.197802197803,164022.19320433578,1564672,0.000962,0.0004297080145607,0.004519,0.000495,0.000892,1920000.0,1920000,1920000,1920000.0,7.82,0.0344
112,hallway,2.0,145456753.83516484,201609.88782894216,145891808,145041932,145437152.0,0.1667054945054945,0.0114251804035099,0.1855,0.1476,0.1654,0.2938791208791209,0.0181395609188775,0.3424,0.2695,0.2848,-2216757.351648352,210955.79658846767,-1836593,-2797554,-2215631.0,4042.285714285714,5.346412534038774,4050,4036,4046.0,72.01153846153846,0.4908245286746763,73.6,71.01,71.97,15.692527472527471,0.9098322109128978,21.83,14.44,15.62,12.179780219780218,0.8334506291076585,13.23,6.21,12.27,13.952187912087911,0.6420880849636278,15.51,12.2799,13.9207,17149.186813186814,163592.81573521448,1560576,0.0010150439560439,0.0004248282767343,0.004153,0.000507,0.00099,1920000.0,1920000,1920000,1920000.0,7.389999999999999,0.0378999999999999
113,hallway,2.0,145120484.74725273,194416.40882980832,145645731,144745576,145100984.0,0.1649362637362637,0.0121631548948591,0.1848,0.1466,0.1623,0.2744098901098901,0.0058249092495564,0.2893,0.2686,0.273,-2233977.758241758,172588.70596641925,-1856369,-2702337,-2211602.0,4025.3406593406594,21.95966999358397,4050,4006,4006.0,72.01351648351648,0.3710207350491159,73.35,71.07,71.97,15.653736263736263,0.8458114425431925,21.14,14.3,15.59,12.17142857142857,0.7994742319919058,13.15,6.55,12.28,13.944028571428571,0.4849069111777398,15.1552,12.8923,13.9088,0.0,0.0,0,0.0009791538461538,0.0004073311490142,0.003885,0.000407,0.000976,1920000.0,1920000,1920000,1920000.0,6.84,0.0381999999999999
114,hallway,0.0,144092166.47252747,201496.0084723188,144541916,143702956,144062812.0,0.1429373626373626,0.0149004597121598,0.1756,0.1216,0.1394,0.3011263736263736,0.0012672661006921,0.3043,0.2999,0.3007,-2388719.824175824,199446.8817424604,-2020069,-2929393,-2396177.0,3954.428571428572,10.947493733617986,3967,3945,3945.0,72.0021978021978,0.247165271732644,73.54,71.53,72.01,15.698021978021975,0.673805477666827,20.68,14.51,15.65,12.163296703296702,0.7311529023019514,13.23,6.26,12.21,13.867399999999998,0.3783840832334847,14.7757,12.7448,13.8668,675.1648351648352,6440.662036819466,61440,0.0009511758241758,0.0003493721541217,0.003701,0.000526,0.000889,1920000.0,1920000,1920000,1920000.0,6.17,0.054
115,hallway,0.0,144271571.0,209438.46673809885,144725908,143864164,144239204.0,0.1384230769230769,0.0113280387330932,0.1615,0.1243,0.1368,0.2983483516483516,0.0021606255594856,0.3009,0.2928,0.2983,-2381761.4725274723,189746.3569076912,-2048634,-2954662,-2360287.0,3951.483516483516,2.267463768484973,3962,3951,3951.0,72.00296703296704,0.2899635781936696,73.48,71.39,72.0,15.708791208791208,0.7678003721524312,21.73,14.7,15.55,12.13912087912088,0.801421859158456,13.14,5.71,12.28,13.914380219780218,0.322434897208303,14.9878,13.0048,13.9488,0.0,0.0,0,0.0009505494505494,0.0003873493474525,0.004132,0.000456,0.000888,1920000.0,1920000,1920000,1920000.0,7.030000000000001,0.0372
116,hallway,1.0,145240464.94444445,213984.2641029768,145693598,144796414,145220424.0,0.1547255555555555,0.0096250324512642,0.1663,0.1384,0.1568999999999999,0.3104477777777777,0.0016940230539652,0.3145,0.3081,0.31,-2392897.277777778,209686.6809624167,-1972827,-2896067,-2419249.0,3950.766666666667,0.4253220854888283,3951,3950,3951.0,72.00111111111111,0.4173900836119952,73.33,71.13,71.965,15.758,0.8175438688707112,21.12,14.55,15.695,12.18488888888889,0.7880045121134213,13.33,6.75,12.21,13.926776666666669,0.5393846604431277,15.0273,12.9408,13.9106,682.6666666666666,6476.344648024841,61440,0.0010167555555555,0.0003839001599816,0.003822,0.000434,0.000971,1920000.0,1920000,1920000,1920000.0,6.57,0.0279
117,hallway,1.0,145318710.76923078,208927.74993314635,145779792,144904840,145293385.0,0.148810989010989,0.0108647590406317,0.166,0.1315,0.141,0.3151252747252747,0.0018357918912915,0.3178,0.3117,0.3152,-2374936.153846154,157835.29364568784,-2050832,-2774848,-2381528.0,3940.6703296703295,10.63438338081316,3947,3923,3947.0,71.99978021978022,0.3885442289194595,73.98,71.13,71.99,15.605934065934068,0.8336692363308102,21.48,14.46,15.58,12.247472527472528,0.7628376751847795,13.28,7.39,12.35,13.906113186813188,0.4968625600726558,15.049,12.8378,13.9344,16924.13186813187,161445.9283896079,1540096,0.0009627362637362,0.0004088641946543,0.003962,0.000468,0.000934,1920000.0,1920000,1920000,1920000.0,7.02,0.0345
118,hallway,2.0,144989310.97777778,212932.3000557409,145450958,144561768,144964707.0,0.1545266666666666,0.0078074697738552,0.1663,0.1413,0.1555,0.2655566666666666,0.0036316662842281,0.2723,0.2589,0.2653999999999999,-2332230.888888889,189351.0287451364,-1950487,-2849924,-2301509.0,3934.777777777778,0.9804582484878736,3936,3934,3934.0,71.99833333333333,0.3910465646573784,73.58,71.19,71.985,15.694333333333333,0.8561214473334197,21.47,14.39,15.645,12.194111111111113,0.8182399505824001,13.28,6.24,12.235,13.860764444444444,0.5031736705815816,15.0069,12.6081,13.8902,682.6666666666666,6476.344648024841,61440,0.0009864666666666,0.0004026577212092,0.003997,0.000445,0.000955,1920000.0,1920000,1920000,1920000.0,7.079999999999998,0.0249999999999999
119,hallway,2.0,145339620.31111112,211257.927632219,145799533,144916832,145314716.0,0.15378,0.0069838047001536,0.1646,0.1356,0.15225,0.28362,0.017424844719054,0.313,0.263,0.27965,-2328076.333333333,162595.820171479,-2107596,-2771552,-2296565.0,3939.1111111111113,7.99500468262218,3948,3932,3932.0,71.99811111111111,0.4229242619380326,73.14,71.07,72.00999999999999,15.769666666666666,0.9133866478875892,22.18,14.48,15.69,12.052222222222223,0.7799190072870326,13.28,6.36,12.05,13.998972222222225,0.5935701022612048,15.0944,12.1288,14.1288,17203.2,163203.88513022597,1548288,0.0010720222222222,0.0004062941033008,0.004143,0.000421,0.0010425,1920000.0,1920000,1920000,1920000.0,7.699999999999999,0.0289999999999999
120,kitchen,0.0,145646293.68131867,292053.8213988976,146203932,144996532,145589980.0,0.1461241758241758,0.0071040730204477,0.157,0.1342,0.1448,0.3184835164835164,0.0016921560038577,0.322,0.3167,0.3176,-2498537.4505494507,177720.35304446792,-2113821,-3034498,-2495789.0,3811.054945054945,13.567414096824834,3825,3798,3798.0,72.00329670329671,0.3082208982209388,73.91,71.36,71.96,16.232857142857142,0.921079421975815,23.58,14.59,16.18,11.649230769230767,0.9528439662041336,13.4,3.84,11.83,13.888093406593406,0.2980255167308844,14.5476,13.2293,13.8739,0.0,0.0,0,0.001202901098901,0.0004609136350757,0.005077,0.000404,0.001115,1920000.0,1920000,1920000,1920000.0,8.989999999999998,0.0227999999999999
121,kitchen,0.0,145484927.75824177,278771.6760628731,146035604,144977332,145425876.0,0.1419703296703296,0.0085764858706879,0.1572,0.1279,0.1415,0.3228626373626374,0.0026650265102559,0.326,0.3185,0.3239,-2541530.087912088,200307.008599114,-2122611,-2859079,-2555849.0,3799.296703296703,18.60137062183825,3818,3781,3781.0,72.00395604395604,0.4010510610906724,74.2,70.66,72.01,15.595274725274724,0.8530134044268403,21.82,14.54,15.42,12.205824175824176,0.8357565646819866,13.15,5.66,12.26,13.956212087912087,0.3690823475820855,14.9304,12.6535,13.9608,0.0,0.0,0,0.0009297362637362,0.0004082552805718,0.004235,0.000432,0.000859,1920000.0,1920000,1920000,1920000.0,7.280000000000001,0.0292999999999999
122,kitchen,1.0,146373957.8791209,275207.0196520871,146920192,145860580,146325128.0,0.1560263736263736,0.0092004690117748,0.173,0.1438,0.1543,0.3351956043956044,0.0042256074405649,0.343,0.3294,0.335,-2504505.6923076925,194355.37810377116,-2151542,-3079910,-2517762.0,3814.175824175824,4.958927766258362,3820,3810,3810.0,72.01450549450549,0.356820103246141,72.95,71.34,72.0,15.780109890109893,0.8463824910306934,21.55,14.44,15.65,12.127252747252747,0.7955530095251926,13.36,6.7,12.25,13.919776923076922,0.4558949598992495,14.8322,13.0365,13.8934,0.0,0.0,0,0.0010297802197802,0.0003885624160414,0.003896,0.000299,0.000991,1920000.0,1920000,1920000,1920000.0,7.110000000000001,0.0291999999999999
123,kitchen,1.0,146478656.7912088,282666.0151164191,147120659,145934230,146424050.0,0.1585362637362637,0.0104261052330038,0.178,0.1413,0.1552,0.3341538461538462,0.0044973648504752,0.3424,0.3284,0.3313,-2514671.241758242,198427.5695756984,-2132865,-3113602,-2475647.0,3820.065934065934,4.289009722022677,3826,3817,3817.0,72.01307692307692,0.3917813798187058,73.63,71.23,71.96,15.813076923076924,0.7943308746747407,20.85,14.55,15.78,12.067032967032969,0.7388421790665213,13.21,7.27,12.17,13.958446153846152,0.5505847342815923,15.2239,12.9034,14.037,0.0,0.0,0,0.0010788241758241,0.000364460624101,0.003641,0.000457,0.001028,1920000.0,1920000,1920000,1920000.0,6.300000000000001,0.0366999999999999
124,kitchen,2.0,146124364.67032966,275875.05292629567,146673192,145612442,146075944.0,0.1572384615384615,0.004875694121086,0.1666,0.1516,0.154,0.3100428571428571,0.0173083675516089,0.3423,0.2825,0.3077,-2510618.7252747254,199785.241362545,-2064015,-2969311,-2497620.0,3809.0,15.214028613969088,3818,3783,3818.0,72.01087912087912,0.3361932260261733,72.68,70.8,72.0,15.674725274725276,0.8482836798295728,21.58,14.2,15.67,12.25098901098901,0.7778632483998928,13.29,6.85,12.3,13.976145054945054,0.5310143551656034,16.1247,13.0204,13.9267,0.0,0.0,0,0.0009941098901098,0.0003900524594504,0.003811,0.000313,0.000989,1920000.0,1920000,1920000,1920000.0,7.379999999999999,0.0149999999999999
125,kitchen,2.0,146436758.2087912,288288.38080469664,147001416,145850354,146376936.0,0.156554945054945,0.0144278377816117,0.177,0.1327,0.1577,0.2935736263736264,0.0090394915683576,0.3083,0.2794,0.2954,-2479727.461538461,198839.5281025105,-2070974,-3002271,-2486267.0,3801.131868131868,5.281432447123233,3805,3794,3805.0,72.01637362637362,0.3877671594699186,73.32,71.25,71.93,15.740219780219778,0.946728845401632,22.21,14.56,15.63,12.18164835164835,0.8888960240861365,13.1,6.43,12.42,13.817284615384615,0.5097358320025682,15.1138,12.5039,13.7782,0.0,0.0,0,0.0010206923076923,0.0004399084170422,0.004215,0.000517,0.000977,1920000.0,1920000,1920000,1920000.0,7.65,0.0442999999999999
126,hallway,0.0,143691608.69230768,201419.01429588132,144133508,143297563,143662852.0,0.1627747252747252,0.020115331871798,0.1892,0.1354,0.1511,0.3558395604395604,0.0144493050899487,0.3692,0.3153,0.361,-2616609.208791209,214001.44170737185,-2102469,-3151323,-2631656.0,3641.3846153846152,15.60040542975247,3648,3605,3648.0,72.01043956043956,0.3478598443431942,74.04,71.36,71.97,15.794835164835163,1.0273908297098615,23.93,14.41,15.64,12.082307692307692,0.9894791861525232,12.95,4.17,12.23,13.863861538461538,0.2759284076910896,14.6618,13.1738,13.891,0.0,0.0,0,0.000983901098901,0.0005042009972872,0.005154,0.000495,0.000897,1920000.0,1920000,1920000,1920000.0,9.52,0.0538
127,hallway,0.0,143840428.07692307,199008.14823604684,144285116,143449244,143806172.0,0.1435780219780219,0.0131621156877338,0.1696,0.1267,0.1365,0.3550450549450549,0.0146039055943285,0.3653,0.3034,0.3588,-2586913.274725274,170800.07490429436,-2242731,-2978101,-2581851.0,3643.6263736263736,6.457808970796223,3655,3640,3640.0,72.0056043956044,0.3516412590859828,73.97,71.1,71.96,15.62131868131868,0.8104185596087008,21.67,14.44,15.68,12.172307692307694,0.7126072268992644,13.28,6.4,12.2,13.95537912087912,0.3210790216049221,14.6122,13.4048,13.9157,675.1648351648352,6440.662036819466,61440,0.0009151098901098,0.0003802497556591,0.004039,0.000511,0.000891,1920000.0,1920000,1920000,1920000.0,7.230000000000002,0.0428999999999999
128,lab,0.0,144929727.43333334,273424.85468363046,145520564,144414268,144897872.0,0.1481366666666666,0.0110569155745385,0.1695,0.1261,0.14725,0.2857533333333333,0.0023688616713471,0.2899,0.282,0.2858,-2550205.033333333,197015.98753488812,-2191460,-3091629,-2534242.0,3634.4222222222224,13.651338805626498,3645,3617,3645.0,72.00155555555556,0.3403729319936548,73.74,71.34,71.99000000000001,15.600777777777775,0.916421015774033,22.02,14.42,15.41,12.192444444444444,0.9019209351619436,13.21,5.67,12.36,14.014335555555554,0.3545717161134901,15.1841,13.2461,13.9758,0.0,0.0,0,0.0009343777777777,0.0004467959989404,0.004272,0.000392,0.000817,1920000.0,1920000,1920000,1920000.0,7.6,0.0434
129,lab,0.0,145065955.34065935,244371.04541984588,145587092,144602124,145019284.0,0.1427736263736263,0.0092954449438042,0.1549,0.1286,0.1403,0.281756043956044,0.0002526344707757,0.2823,0.2814,0.2817,-2542061.3076923075,188036.49532032,-2163627,-2980298,-2511170.0,3621.956043956044,17.58529188960166,3648,3610,3610.0,72.00241758241758,0.2384642561584471,73.58,71.41,72.01,15.783076923076925,0.763913451042564,21.79,14.37,15.73,12.184395604395604,0.7445911761067407,13.47,7.05,12.2,13.838638461538462,0.3474371325287916,14.4794,12.7898,13.8672,0.0,0.0,0,0.0009707142857142,0.0003930813680458,0.004083,0.00029,0.000938,1920000.0,1920000,1920000,1920000.0,7.42,0.0263
130,lab,0.0,144765313.8901099,303530.17457212374,145329419,144284716,144787068.0,0.1760098901098901,0.0261773695943018,0.2211,0.1395,0.1588,0.354143956043956,0.0148981073278991,0.3638,0.3055,0.3599,-2790129.054945055,189565.3671391693,-2424376,-3219806,-2807076.0,3580.285714285714,6.2845236967681295,3585,3572,3585.0,72.00296703296704,0.3681319042151861,73.33,70.99,71.96,15.732747252747254,0.8764106925840779,20.55,14.45,15.61,12.119670329670331,0.8678574518759149,13.5,7.19,12.2,13.90037032967033,0.3717217793202346,14.9655,13.2122,13.87,0.0,0.0,0,0.000974934065934,0.0004243325164223,0.003497,0.000355,0.000907,1920000.0,1920000,1920000,1920000.0,6.100000000000001,0.0815999999999999
131,lab,0.0,144752174.1208791,301944.6968678535,145269668,144273348,144776404.0,0.1648868131868132,0.0279249279668471,0.2206,0.1278,0.1543,0.3541802197802198,0.0141694759550255,0.3624,0.3015,0.3577,-2733055.054945055,206644.7456203448,-2219293,-3295613,-2709295.0,3567.351648351648,15.56232889339162,3582,3551,3582.0,72.00384615384615,0.4066059223232945,73.54,71.22,72.0,15.67010989010989,0.8490877385700417,21.19,14.26,15.67,12.0910989010989,0.7332703769179861,13.41,6.72,12.16,13.985846153846154,0.4311443968756464,14.9866,13.1174,13.9268,675.1648351648352,6440.662036819465,61440,0.0009711098901098,0.0003770254766089,0.003795,0.000285,0.000911,1920000.0,1920000,1920000,1920000.0,6.9300000000000015,0.0928
132,kitchen,0.0,144980555.5054945,318556.29412563646,145564948,144386012,144954820.0,0.1502824175824176,0.0126258517284233,0.1793,0.1385,0.145,0.3356362637362637,0.0110575616810249,0.3439,0.3011,0.3393,-2742089.769230769,187892.0036718537,-2411924,-3397422,-2752875.0,3550.7912087912086,2.1526029902653607,3552,3547,3552.0,72.00285714285714,0.2599371108312585,73.02,71.45,71.99,15.746373626373629,0.7607007244544941,21.22,14.5,15.64,12.086373626373623,0.7058383769729545,13.1,6.57,12.22,13.962696703296702,0.295197796758772,14.6889,13.2838,13.9776,0.0,0.0,0,0.0009702747252747,0.000365434902728,0.003838,0.000387,0.000918,1920000.0,1920000,1920000,1920000.0,6.719999999999999,0.0407999999999999
133,kitchen,0.0,145063982.2222222,280844.07230266125,145607812,144521140,145002964.0,0.1507622222222222,0.0115486910370467,0.1738,0.1387,0.1478,0.3366655555555555,0.0146130860325858,0.3457,0.2884,0.3425,-2750075.722222222,227770.37327906824,-2339779,-3439904,-2758185.5,3563.6666666666665,3.792363705119745,3565,3553,3565.0,71.99888888888889,0.2954198856947851,72.72,71.5,72.005,15.69877777777778,0.784567193043082,21.41,14.39,15.65,12.138555555555556,0.7326856264565178,13.37,6.64,12.23,13.935308888888889,0.4001156578982895,15.3382,12.9314,13.86295,0.0,0.0,0,0.0009614222222222,0.0003724640387672,0.003944,0.000374,0.0009029999999999,1920000.0,1920000,1920000,1920000.0,7.02,0.0351
