db_id,room_label,noise_type,TotalUsedMem_mean,TotalUsedMem_std,TotalUsedMem_max,TotalUsedMem_min,TotalUsedMem_median,CpuUtil_mean,CpuUtil_std,CpuUtil_max,CpuUtil_min,CpuUtil_median,GpuUtil_mean,GpuUtil_std,GpuUtil_max,GpuUtil_min,GpuUtil_median,BatteryMicroAmps_mean,BatteryMicroAmps_std,BatteryMicroAmps_max,BatteryMicroAmps_min,BatteryMicroAmps_median,BatteryTemp_mean,BatteryTemp_std,BatteryTemp_max,BatteryTemp_min,BatteryTemp_median,BatteryLevel_mean,BatteryLevel_std,BatteryLevel_max,BatteryLevel_min,BatteryLevel_median,BatteryVoltageMv_mean,BatteryVoltageMv_std,BatteryVoltageMv_max,BatteryVoltageMv_min,BatteryVoltageMv_median,AvgFPS_mean,AvgFPS_std,AvgFPS_max,AvgFPS_min,AvgFPS_median,WorstFrameMs_mean,WorstFrameMs_std,WorstFrameMs_max,WorstFrameMs_min,WorstFrameMs_median,BestFrameMs_mean,BestFrameMs_std,BestFrameMs_max,BestFrameMs_min,BestFrameMs_median,MainThreadMs_mean,MainThreadMs_std,MainThreadMs_max,MainThreadMs_min,MainThreadMs_median,GCAllocRate_mean,GCAllocRate_std,GCAllocRate_max,GCAllocRate_min,GCAllocRate_median,FrameTimeStdDev_mean,FrameTimeStdDev_std,FrameTimeStdDev_max,FrameTimeStdDev_min,FrameTimeStdDev_median,CpuClockFreq_mean,CpuClockFreq_std,CpuClockFreq_max,CpuClockFreq_min,CpuClockFreq_median,WorstFrameMs_range,CpuUtil_range
19,kitchen,0.0,144708451.8021978,316441.72262598376,145288860,144146996,144658268.0,0.14728021978021977,0.009361495841776807,0.1579,0.1309,0.1527,0.27116593406593403,0.001536751247145908,0.2744,0.2685,0.2714,-2309974.4615384615,154897.46971266065,-1962572,-2699773,-2297664.0,47.857142857142854,0.3518657752744996,48.0,47.0,48.0,0.8899999999999999,0.0,0.89,0.89,0.89,4060.252747252747,12.102886163219726,4066,4030,4066.0,72.00571428571428,0.2236770631321609,73.52,71.42,71.98,15.731428571428571,0.920704526651643,23.52,14.56,15.66,12.157912087912086,0.9510514841578902,13.38,4.12,12.26,13.862727472527473,0.27693933072703997,14.6846,13.2466,13.8705,0.0,0.0,0,0,0.0,0.0009457692307692308,0.0004733298374735476,0.005003,0.000358,0.000873,1920000.0,0.0,1920000,1920000,1920000.0,8.959999999999999,0.027000000000000024
20,kitchen,0.0,144682141.30769232,291899.83377683925,145246284,144150556,144606876.0,0.14189670329670329,0.008996387553401054,0.16,0.1287,0.1386,0.320032967032967,0.0010508255955364216,0.3224,0.3188,0.3197,-2366879.340659341,196740.66749698817,-2002124,-2756904,-2381162.0,47.0,0.0,47.0,47.0,47.0,0.87,0.0,0.87,0.87,0.87,4049.6593406593406,14.420833525161699,4058,4025,4058.0,72.00769230769231,0.22937149354547554,73.06,71.41,71.98,15.814285714285713,0.8626897766831663,21.89,14.56,15.74,12.005494505494505,0.8106955364051617,13.0,6.42,12.04,13.938167032967034,0.41846703177057665,14.8494,12.211,14.0058,0.0,0.0,0,0,0.0,0.0010158351648351647,0.00042060303966081475,0.004085,0.000528,0.000996,1920000.0,0.0,1920000,1920000,1920000.0,7.33,0.031299999999999994
21,kitchen,1.0,145612114.04395604,283809.73989603436,146180416,145040444,145551170.0,0.16447802197802197,0.017551845754144754,0.2077,0.1386,0.159,0.34906593406593406,0.00542797731470364,0.3565,0.341,0.3507,-2366340.032967033,142545.21354242117,-2111624,-2697942,-2333553.0,47.0,0.0,47.0,47.0,47.0,0.8600000000000001,0.0,0.86,0.86,0.86,4036.164835164835,11.978001814681974,4066,4010,4041.0,72.00912087912087,0.3516173689037192,73.11,71.16,72.01,15.64098901098901,0.7833915651335189,21.22,14.6,15.58,12.19945054945055,0.8122347261138553,13.15,6.02,12.41,13.885072527472527,0.5275922777772698,15.713,12.4924,13.9859,0.0,0.0,0,0,0.0,0.0009842307692307694,0.00036906910153709923,0.004022,0.000632,0.000911,1920000.0,0.0,1920000,1920000,1920000.0,6.619999999999999,0.0691
22,kitchen,1.0,145502612.52747253,299084.5961262805,146236278,144971954,145429482.0,0.15501428571428572,0.009780724483828976,0.169,0.14,0.1534,0.343078021978022,0.0012719890109415268,0.3448,0.3412,0.3426,-2404636.186813187,160026.80570509372,-2105765,-2766059,-2370542.0,46.0,0.0,46.0,46.0,46.0,0.8521978021978022,0.004163918507633922,0.86,0.85,0.85,4009.4065934065934,11.953593622354266,4027,4000,4005.0,72.00692307692307,0.4511459293539621,74.18,71.06,72.0,15.680549450549451,0.8100073561221017,21.45,14.57,15.71,12.20978021978022,0.7939353150561353,13.24,6.14,12.29,13.879832967032968,0.5185042942187857,14.8583,12.8764,13.9139,0.0,0.0,0,0,0.0,0.0009763076923076923,0.00038873977849535193,0.004039,0.000482,0.00098,1920000.0,0.0,1920000,1920000,1920000.0,6.879999999999999,0.028999999999999998
23,kitchen,2.0,145471291.25274727,283096.34404844564,146028096,144926862,145424022.0,0.1524065934065934,0.007256182072286943,0.172,0.1382,0.1536,0.2913076923076923,0.015093348283040526,0.326,0.272,0.2877,-2369652.10989011,194878.58416628148,-1890061,-2786567,-2323299.0,48.0,0.0,48.0,48.0,48.0,0.85,0.0,0.85,0.85,0.85,3982.6153846153848,5.626858667279602,4002,3981,3981.0,72.01065934065934,0.39451461653756587,74.02,71.34,72.01,15.741648351648351,0.7584256555322182,21.21,14.84,15.66,12.14032967032967,0.7288125053041198,13.14,6.55,12.15,13.86094175824176,0.6018781694857698,15.1413,12.5083,13.8746,0.0,0.0,0,0,0.0,0.0010255824175824176,0.00036488418454609417,0.003954,0.00056,0.000952,1920000.0,0.0,1920000,1920000,1920000.0,6.370000000000001,0.0338
24,kitchen,2.0,145421554.0989011,298677.6344342709,145999960,144849062,145369416.0,0.1544175824175824,0.010574692991672702,0.1809,0.1448,0.1528,0.2957,0.011781595817205769,0.3207,0.2832,0.2915,-2351924.758241758,201650.62950428456,-1956347,-2851388,-2317806.0,47.494505494505496,0.5027397465361713,48.0,47.0,47.0,0.84,0.0,0.84,0.84,0.84,4022.076923076923,7.0383564515067585,4029,4015,4029.0,72.00175824175824,0.3379204160304727,73.21,71.2,72.02,15.654175824175823,0.7569868132332522,20.58,14.14,15.64,12.13967032967033,0.7365255529239225,13.71,6.84,12.12,13.951727472527471,0.42819620452569135,14.9179,13.2043,13.9228,0.0,0.0,0,0,0.0,0.0009752527472527472,0.00036283677362958174,0.003627,0.000119,0.000986,1920000.0,0.0,1920000,1920000,1920000.0,6.439999999999998,0.03609999999999999
25,conference,0.0,144448232.3956044,301309.8246217734,145108486,143953132,144495212.0,0.15225604395604395,0.009786705367671115,0.1647,0.1334,0.1535,0.33256263736263736,0.006521428751970902,0.3353,0.3058,0.3341,-2522627.4835164836,171051.7390700097,-2261408,-3074783,-2511170.0,52.0,0.0,52.0,52.0,52.0,0.7299999999999999,0.0,0.73,0.73,0.73,3871.7582417582416,11.343466704417809,3887,3861,3864.0,72.00241758241758,0.30485093136497016,73.47,71.29,71.96,15.785494505494505,0.8412111159727627,21.22,14.58,15.59,12.024395604395604,0.8687950900096687,13.16,6.15,12.16,13.97068131868132,0.387472070939625,15.131,12.3235,14.0064,675.1648351648352,6440.662036819465,61440,0,0.0,0.0010127692307692307,0.0004183684733427933,0.003898,0.000414,0.000933,1920000.0,0.0,1920000,1920000,1920000.0,6.639999999999999,0.03130000000000002
26,conference,0.0,144625931.42857143,298192.6487727724,145150564,144133124,144674804.0,0.14215934065934066,0.007462781400195657,0.1558,0.1299,0.1433,0.3346032967032967,0.0023940876503702833,0.3374,0.3302,0.3357,-2522703.9340659343,188072.64766755563,-2081594,-2992383,-2555483.0,51.0,0.0,51.0,51.0,51.0,0.7299999999999999,0.0,0.73,0.73,0.73,3867.186813186813,2.403294442182065,3872,3866,3866.0,72.00472527472527,0.2592910876445013,73.61,71.56,71.98,15.668461538461537,0.7128174506482835,21.41,14.2,15.57,12.153076923076924,0.7686578379193643,13.51,6.07,12.21,13.890946153846153,0.35655993459342145,14.9353,13.1827,13.9022,0.0,0.0,0,0,0.0,0.0009533406593406593,0.0003654535757043786,0.003993,0.000264,0.000918,1920000.0,0.0,1920000,1920000,1920000.0,7.210000000000001,0.025900000000000006
27,conference,1.0,145476463.94505495,303780.05427093105,146111131,144964632,145533836.0,0.1725736263736264,0.014306570636248333,0.1937,0.1446,0.1746,0.32101868131868133,0.0017319810165697805,0.3225,0.3169,0.3218,-2464688.2527472526,203250.40494247447,-2014576,-2931957,-2430235.0,47.0,0.0,47.0,47.0,47.0,0.72,0.0,0.72,0.72,0.72,3877.3736263736264,4.909510841550013,3881,3870,3881.0,72.00076923076922,0.4703739192723412,74.57,71.05,72.03,15.742307692307692,0.831127850738684,20.52,14.24,15.69,12.143516483516484,0.8371437864367863,13.31,6.73,12.32,13.864764835164836,0.5795526415307329,15.0681,12.6593,13.8939,675.1648351648352,6440.662036819465,61440,0,0.0,0.0010503296703296703,0.00040084965469044085,0.003703,0.000325,0.001006,1920000.0,0.0,1920000,1920000,1920000.0,6.279999999999999,0.049100000000000005
28,conference,1.0,145458436.7912088,299526.9028322609,146102493,144961632,145529656.0,0.16548791208791208,0.009072116440131051,0.1821,0.1475,0.1644,0.31314835164835164,0.0025476944975304605,0.3159,0.3067,0.3138,-2487414.032967033,172544.76364252393,-2136161,-2848459,-2487732.0,50.0,0.0,50.0,50.0,50.0,0.71,0.0,0.71,0.71,0.71,3862.4835164835163,2.2179201336318743,3863,3848,3863.0,72.01043956043956,0.26438571186772697,73.05,71.15,72.0,15.57934065934066,0.8101464918256066,21.32,14.45,15.51,12.258571428571429,0.8046649702116487,13.29,6.82,12.37,14.013425274725275,0.4698369527100524,15.3036,12.5218,14.0473,0.0,0.0,0,0,0.0,0.0009557692307692307,0.0004062201121155617,0.003905,0.000415,0.00095,1920000.0,0.0,1920000,1920000,1920000.0,6.870000000000001,0.03460000000000002
29,conference,2.0,145439356.2197802,307740.20043185947,145985022,144913136,145498233.0,0.15733076923076922,0.011298708798478716,0.1692,0.1371,0.1615,0.3205802197802198,0.0194504396967165,0.3556,0.2927,0.3178,-2543473.912087912,215871.594048543,-2163261,-3258991,-2532777.0,50.0,0.0,50.0,50.0,50.0,0.71,0.0,0.71,0.71,0.71,3839.4505494505493,11.866164536439802,3865,3834,3834.0,72.01274725274725,0.4356223286136892,73.36,71.04,71.97,15.734945054945054,0.9260590017516561,21.82,14.37,15.7,12.15032967032967,0.8366871850730393,13.46,6.24,12.27,13.977883516483516,0.5905532638060192,15.1046,12.5909,13.9016,0.0,0.0,0,0,0.0,0.001017846153846154,0.0004251707349361594,0.004137,0.000333,0.001012,1920000.0,0.0,1920000,1920000,1920000.0,7.450000000000001,0.03209999999999999
30,conference,2.0,145469921.54945055,319313.94866623404,146028264,144954304,145514272.0,0.16331978021978022,0.009809011953643221,0.1803,0.1427,0.165,0.3284835164835165,0.019087583303965906,0.3662,0.3021,0.3287,-2578152.076923077,191824.05948317624,-2220025,-3151323,-2585513.0,50.73626373626374,0.4430993075338725,51.0,50.0,51.0,0.7,0.0,0.7,0.7,0.7,3827.5384615384614,9.305085458211224,3843,3822,3822.0,72.00769230769231,0.5356202571123136,75.29,71.13,72.04,15.768021978021979,0.8414408539063876,20.86,14.62,15.64,12.090329670329671,0.8508002122831193,13.15,6.53,12.24,13.98057912087912,0.5869455268149742,15.4307,12.8194,13.9432,0.0,0.0,0,0,0.0,0.0010587362637362637,0.0004154973682271202,0.00393,0.000524,0.000991,1920000.0,0.0,1920000,1920000,1920000.0,6.24,0.037599999999999995
31,kitchen,0.0,144762713.83516484,308132.12805222155,145330707,144292428,144698700.0,0.15052747252747253,0.01147201489552406,0.1699,0.136,0.1472,0.32508241758241757,0.0017059108617193044,0.3289,0.3226,0.3255,-2604841.8571428573,190662.7441618997,-2215997,-3029738,-2593203.0,41.0,0.0,41.0,41.0,41.0,0.62,0.0,0.62,0.62,0.62,3696.5934065934066,3.2317110087314376,3714,3696,3696.0,72.00934065934067,0.297697841584391,73.63,71.35,72.01,15.75076923076923,0.8948187038839278,23.13,14.41,15.71,12.195934065934065,0.895610255042744,13.07,4.7,12.26,13.889952747252746,0.29032646197022155,14.6542,13.2866,13.9081,675.1648351648352,6440.662036819465,61440,0,0.0,0.0009525934065934066,0.00044433945927314976,0.004803,0.00044,0.000903,1920000.0,0.0,1920000,1920000,1920000.0,8.719999999999999,0.033899999999999986
32,kitchen,0.0,144744343.18681318,303305.1774471721,145314276,144255940,144700091.0,0.14995824175824177,0.005116510658513413,0.1589,0.1403,0.1498,0.32754395604395603,0.010794867183488575,0.3645,0.3227,0.3247,-2656752.4945054944,269877.19339804986,-2252619,-3587857,-2638981.0,40.94505494505494,0.22913544575872655,41.0,40.0,41.0,0.6105494505494505,0.00229135445758732,0.62,0.61,0.61,3695.3516483516482,2.1415136203350738,3697,3691,3697.0,71.98197802197802,1.112773531696783,76.64,63.26,71.97,15.905604395604396,1.1796903631332052,24.52,14.51,15.76,11.9310989010989,1.021053323832742,13.48,5.97,12.1,13.89765164835165,0.627191453733341,15.1188,9.688,13.9841,0.0,0.0,0,0,0.0,0.0010846263736263735,0.0005030969124301036,0.004003,0.000441,0.000975,1920000.0,0.0,1920000,1920000,1920000.0,10.01,0.018600000000000005
33,kitchen,1.0,146199356.58241758,308922.721302927,146765636,145700008,146157469.0,0.16724835164835164,0.01096917258742643,0.1866,0.1506,0.1667,0.3445131868131868,0.002557307993931153,0.3476,0.3376,0.3436,-2587227.076923077,164237.15800486875,-2314876,-3041823,-2559511.0,43.0,0.0,43.0,43.0,43.0,0.61,0.0,0.61,0.61,0.61,3709.021978021978,1.4296699073413006,3711,3708,3708.0,72.0043956043956,0.43430457513185755,73.94,70.86,72.01,15.691428571428572,0.8910013984632641,21.81,14.55,15.6,12.186703296703296,0.8516377098078671,13.32,5.99,12.32,13.904324175824176,0.511526778345563,14.955,12.7329,13.9146,675.1648351648352,6440.662036819465,61440,0,0.0,0.0009917692307692307,0.00042765593847087137,0.004276,0.000451,0.000952,1920000.0,0.0,1920000,1920000,1920000.0,7.259999999999998,0.035999999999999976
34,kitchen,1.0,146225219.75824177,338811.6009868874,147012851,145683712,146182738.0,0.16317692307692308,0.009581638423140106,0.1765,0.1434,0.1623,0.3471274725274725,0.0020971444041874582,0.3506,0.3442,0.3467,-2593412.5274725277,154551.13437114455,-2274958,-2977368,-2565004.0,43.0,0.0,43.0,43.0,43.0,0.6,0.0,0.6,0.6,0.6,3696.2417582417584,0.4305205980534482,3697,3696,3696.0,72.00604395604395,0.35600211959693423,73.32,71.24,72.03,15.848021978021979,0.9200280427854364,22.23,14.53,15.88,12.119670329670331,0.8325855986015973,13.37,6.08,12.14,13.862954945054945,0.5206326079905603,15.2231,12.2746,13.8371,0.0,0.0,0,0,0.0,0.0010445934065934066,0.0004293530010511158,0.004284,0.000476,0.001037,1920000.0,0.0,1920000,1920000,1920000.0,7.700000000000001,0.03309999999999999
35,kitchen,2.0,145959409.17582417,312471.17618487333,146541752,145402616,145934480.0,0.16743516483516485,0.006103047938464356,0.1771,0.1569,0.166,0.31548461538461536,0.012960949237158723,0.3377,0.2982,0.31,-2622939.5934065934,183857.0344548525,-2261042,-3031569,-2613712.0,43.0,0.0,43.0,43.0,43.0,0.59,0.0,0.59,0.59,0.59,3680.6703296703295,1.983571106503158,3683,3679,3679.0,72.00901098901099,0.42206912268293695,73.5,71.04,72.01,15.732527472527474,0.9622284244936551,22.19,14.34,15.65,12.084945054945056,0.9117460338717297,13.56,5.88,12.17,13.905650549450549,0.5505304664843468,15.1586,12.7045,13.8913,0.0,0.0,0,0,0.0,0.0010380769230769232,0.00045364991962156193,0.004346,0.000258,0.001018,1920000.0,0.0,1920000,1920000,1920000.0,7.850000000000001,0.020199999999999996
36,kitchen,2.0,146228728.4065934,313649.15770877653,146805688,145711272,146151474.0,0.1762758241758242,0.023255619825750803,0.2394,0.147,0.172,0.3220681318681319,0.021031763698013628,0.3649,0.2999,0.3145,-2623007.956043956,196887.38664361814,-2183403,-3140336,-2600528.0,42.505494505494504,0.5027397465361713,43.0,42.0,43.0,0.585054945054945,0.005027397465361712,0.59,0.58,0.59,3701.2087912087914,12.83616114603724,3720,3686,3711.0,72.0143956043956,0.3207810218520803,72.98,71.21,72.02,15.6889010989011,0.8768471937692464,21.94,14.57,15.61,12.137032967032967,0.8277902237020285,13.18,5.96,12.23,13.895859340659342,0.5777403822898737,14.9968,12.6642,13.8836,0.0,0.0,0,0,0.0,0.001020142857142857,0.0004109822535078769,0.004203,0.00045,0.001004,1920000.0,0.0,1920000,1920000,1920000.0,7.370000000000001,0.09240000000000001
37,conference,0.0,145351263.57142857,319200.52129401104,145944676,144776260,145286884.0,0.15109999999999998,0.005199807688751586,0.159,0.1407,0.1518,0.3390252747252747,0.0041485095960033195,0.3428,0.3116,0.3406,-2715681.758241758,188687.90788832825,-2304256,-3210650,-2703436.0,55.0,0.0,55.0,55.0,55.0,0.33,0.0,0.33,0.33,0.33,3570.5274725274726,0.8861986150679358,3572,3570,3570.0,72.00285714285714,0.39294411735650014,73.64,71.27,71.95,15.679780219780218,0.8553842255864752,21.62,14.47,15.58,12.198901098901098,0.7746173973853882,13.13,6.35,12.35,13.941101098901099,0.4331897168407362,14.9945,13.0104,13.9406,0.0,0.0,0,0,0.0,0.0009568571428571429,0.0003981485923462516,0.004054,0.000495,0.000884,1920000.0,0.0,1920000,1920000,1920000.0,7.15,0.01830000000000001
38,conference,0.0,145432033.8791209,360345.54036528966,146122331,144799388,145442491.0,0.15308571428571427,0.04033899566707842,0.5235,0.1323,0.1518,0.3489593406593407,0.028194262529111155,0.4983,0.3374,0.3401,-2822714.6373626376,332707.9501435496,-2357724,-3932104,-2791695.0,51.0,0.0,51.0,51.0,51.0,0.33,0.0,0.33,0.33,0.33,3585.0,11.663809173869438,3601,3574,3578.0,72.03483516483517,0.44420556461911115,74.12,71.08,71.96,15.832087912087912,0.9641709351487378,21.44,14.15,15.64,11.977472527472528,0.9899681177880805,13.58,6.35,12.11,13.882998901098903,0.46389301771816693,14.8645,11.4063,13.8828,0.0,0.0,0,0,0.0,0.0010545824175824175,0.0005125101205707294,0.004043,0.000274,0.000955,1920000.0,0.0,1920000,1920000,1920000.0,7.290000000000001,0.3912
39,conference,1.0,146333690.34065935,311972.8964958858,146919152,145743860,146272960.0,0.15787142857142858,0.008719598432576851,0.176,0.1472,0.1562,0.358210989010989,0.005000609975003014,0.3646,0.3498,0.358,-2729626.395604396,210266.3511890933,-2260676,-3182085,-2739691.0,51.0,0.0,51.0,51.0,51.0,0.33,0.0,0.33,0.33,0.33,3589.021978021978,8.162213781918444,3595,3578,3595.0,71.99923076923078,0.4714663432531671,73.95,71.05,72.0,15.643296703296702,0.6946238869505887,20.19,14.59,15.62,12.212307692307691,0.7043611398882077,13.1,7.19,12.26,13.919608791208793,0.5643192929240505,15.2336,12.7694,13.8098,0.0,0.0,0,0,0.0,0.0009958021978021979,0.0003302665664035716,0.003461,0.000584,0.000983,1920000.0,0.0,1920000,1920000,1920000.0,5.600000000000001,0.028799999999999992
40,conference,1.0,146290721.32967034,327794.6680852711,146920900,145683600,146242666.0,0.1565131868131868,0.013759031044624313,0.1873,0.1408,0.1541,0.35979230769230774,0.0030310332220485543,0.3647,0.3549,0.3598,-2711158.340659341,185218.1316182637,-2251886,-3094192,-2700506.0,51.505494505494504,0.5027397465361657,52.0,51.0,52.0,0.32,0.0,0.32,0.32,0.32,3572.065934065934,6.03287695843442,3578,3566,3578.0,72.00417582417583,0.3648045623924806,73.11,71.02,72.01,15.714615384615385,0.8351078542350855,21.34,14.56,15.66,12.167582417582418,0.7857075235584247,13.31,6.69,12.22,13.928653846153846,0.55291555620239,15.1886,12.6577,13.9238,0.0,0.0,0,0,0.0,0.0010136263736263737,0.0003884943485461003,0.003859,0.000416,0.000974,1920000.0,0.0,1920000,1920000,1920000.0,6.779999999999999,0.046499999999999986
41,conference,2.0,145993488.51648352,308204.1066365821,146732551,145432068,145924152.0,0.16861318681318682,0.009990086294713575,0.1861,0.1473,0.165,0.3136054945054945,0.011400997642870914,0.3324,0.2923,0.3159,-2633044.89010989,200304.4290061977,-2289241,-3173296,-2610049.0,50.0,0.0,50.0,50.0,50.0,0.32,0.0,0.32,0.32,0.32,3578.4725274725274,3.6219720206927204,3582,3573,3579.0,71.99978021978022,0.47641246840195145,74.34,71.01,72.0,15.708901098901098,0.8013370085182645,21.55,14.52,15.67,12.21021978021978,0.7796679891993599,13.36,6.32,12.28,13.957475824175825,0.548474996966976,14.9905,12.5747,13.9805,0.0,0.0,0,0,0.0,0.0010305384615384616,0.00038646978630482324,0.004161,0.000441,0.000987,1920000.0,0.0,1920000,1920000,1920000.0,7.030000000000001,0.0388
42,conference,2.0,146043012.41111112,313334.76860146254,146656126,145469252,145983676.0,0.1685422222222222,0.01026375730945377,0.1929,0.1543,0.1708,0.3108533333333333,0.01118727407028158,0.3503,0.3002,0.308,-2638350.144444444,210406.3064678157,-2303523,-3293050,-2593935.5,51.7,0.46082485888002583,52.0,51.0,52.0,0.31,0.0,0.31,0.31,0.31,3571.2,1.8432994355200896,3574,3570,3570.0,72.0,0.42252318598702704,73.35,70.95,71.97,15.733555555555556,0.803039606270109,21.02,14.58,15.69,12.200777777777777,0.7113418681851985,13.33,7.2,12.225000000000001,13.88967888888889,0.61012300960764,14.9469,12.6698,13.823450000000001,0.0,0.0,0,0,0.0,0.0010292,0.00036342930320347895,0.003699,0.000365,0.0010585,1920000.0,0.0,1920000,1920000,1920000.0,6.4399999999999995,0.038599999999999995
43,conference,0.0,145338112.05555555,263327.15597198956,145803876,144886996,145372964.0,0.16049333333333332,0.010593211733532977,0.1859,0.1447,0.1594,0.3307188888888889,0.002124173041706091,0.3341,0.3248,0.331,-2857325.2444444443,179223.51819335122,-2478576,-3216510,-2874460.0,56.0,0.0,56.0,56.0,56.0,0.09,0.0,0.09,0.09,0.09,3484.733333333333,4.765984341305971,3486,3467,3486.0,71.99933333333334,0.3687506998660274,73.99,70.81,72.015,15.773333333333332,0.8374707776219934,21.94,14.61,15.68,12.17688888888889,0.8418901212626562,13.37,5.86,12.305,13.905335555555554,0.4286163639965734,14.9285,12.9401,13.90715,0.0,0.0,0,0,0.0,0.000995388888888889,0.00041288041891641487,0.004218,0.000362,0.0009225,1920000.0,0.0,1920000,1920000,1920000.0,7.330000000000002,0.041200000000000014
44,conference,0.0,145297908.62637362,266204.52177684515,145795132,144848620,145327196.0,0.15235714285714286,0.010136327878336553,0.1688,0.1352,0.153,0.3021747252747253,0.010448259753094347,0.3297,0.2927,0.2978,-2760936.10989011,205412.45301373798,-2342343,-3201861,-2777046.0,56.0,0.0,56.0,56.0,56.0,0.08,0.0,0.08,0.08,0.08,3495.7252747252746,5.354262962176245,3497,3471,3497.0,71.9989010989011,0.3550006276972564,73.5,71.04,72.0,15.665714285714285,0.6981087830817434,20.73,14.47,15.63,12.174615384615386,0.6771809337939287,13.1,6.92,12.29,13.985196703296705,0.44756934470799525,14.9828,13.1588,13.9045,675.1648351648352,6440.662036819465,61440,0,0.0,0.0009554505494505495,0.00034695873157532936,0.003637,0.000453,0.000907,1920000.0,0.0,1920000,1920000,1920000.0,6.26,0.03360000000000002
45,conference,1.0,146343064.74725273,285193.90282068355,146985251,145874878,146385316.0,0.1684087912087912,0.00930857010563263,0.1852,0.1514,0.1663,0.35292747252747253,0.015111210451803003,0.3679,0.3239,0.3593,-2763133.4395604394,204906.3329921591,-2333553,-3136674,-2758002.0,55.0,0.0,55.0,55.0,55.0,0.08,0.0,0.08,0.08,0.08,3466.153846153846,14.51200505093243,3500,3460,3460.0,72.01208791208792,0.45474661194392735,73.21,71.09,72.06,15.683076923076923,0.8961146904618503,21.89,14.25,15.54,12.17769230769231,0.7859687255908072,13.24,6.46,12.25,13.871092307692306,0.5385507974041217,15.1663,12.8359,13.8823,0.0,0.0,0,0,0.0,0.0010092307692307692,0.00039950764356261976,0.004082,0.000334,0.000992,1920000.0,0.0,1920000,1920000,1920000.0,7.640000000000001,0.0338
46,conference,1.0,146043663.76923078,295245.04173450544,146715061,145540012,146049208.0,0.16875824175824175,0.010552662285825382,0.1965,0.1512,0.1702,0.34422527472527475,0.011636585919767533,0.359,0.3227,0.3446,-2779440.263736264,210015.58983010106,-2469055,-3248737,-2787300.0,54.0,0.0,54.0,54.0,54.0,0.08,0.0,0.08,0.08,0.08,3467.8571428571427,5.596767774689865,3471,3458,3471.0,72.00857142857143,0.4634354118454708,73.17,70.91,72.0,15.71879120879121,0.9477562217795547,22.1,14.43,15.55,12.253296703296703,0.8812012696629967,13.18,6.04,12.42,13.936447252747252,0.5285153861611176,14.856,12.8341,13.9996,0.0,0.0,0,0,0.0,0.0010136043956043956,0.0004333541758864704,0.004266,0.000555,0.000982,1920000.0,0.0,1920000,1920000,1920000.0,7.670000000000002,0.04530000000000001
47,conference,2.0,146144865.05555555,276023.9036553113,146639818,145698834,146160720.0,0.17018111111111112,0.009268611939815301,0.1881,0.1523,0.1684,0.3157111111111111,0.009077140623435778,0.3317,0.2987,0.31535,-2778233.8444444444,206747.46682099125,-2367978,-3289021,-2768989.0,55.0,0.0,55.0,55.0,55.0,0.07,0.0,0.07,0.07,0.07,3454.0,0.0,3454,3454,3454.0,71.99855555555555,0.40375919264203264,73.93,70.75,72.02,15.705222222222222,0.8432550999226562,21.19,14.52,15.655000000000001,12.159777777777778,0.868574937453605,13.24,6.26,12.24,13.819496666666666,0.5827672053288017,14.9205,12.6148,13.7761,682.6666666666666,6476.34464802484,61440,0,0.0,0.001032177777777778,0.0004132084540119144,0.003958,0.000443,0.0010265,1920000.0,0.0,1920000,1920000,1920000.0,6.670000000000002,0.0358
48,conference,2.0,146037933.1098901,303875.02823817503,146665601,145554128,146022770.0,0.17242527472527472,0.010114814145670958,0.1962,0.1609,0.1726,0.3159065934065934,0.005591894971947259,0.3257,0.3057,0.3163,-2745124.318681319,208411.38448867472,-2330990,-3228961,-2730536.0,54.0,0.0,54.0,54.0,54.0,0.07,0.0,0.07,0.07,0.07,3473.285714285714,0.7037315505491158,3475,3473,3473.0,72.00527472527472,0.37015414404554425,73.15,71.04,71.96,15.678791208791209,1.0106145931668788,22.11,14.43,15.49,12.098791208791209,0.9763604015421941,13.27,5.48,12.31,14.034053846153846,0.5525528753597938,15.3899,12.6724,14.1584,675.1648351648352,6440.662036819465,61440,0,0.0,0.0010374725274725275,0.00048701070808805614,0.004456,0.000374,0.000985,1920000.0,0.0,1920000,1920000,1920000.0,7.68,0.035300000000000026
49,conference,0.0,144222785.7802198,177710.9236900568,144550324,143919604,144215252.0,0.15165934065934067,0.012454575045357422,0.1854,0.141,0.1472,0.30055604395604396,0.0007499938949690613,0.3019,0.2991,0.3006,-2308408.901098901,177825.5552570837,-2018604,-2967114,-2275691.0,41.0,0.0,41.0,41.0,41.0,0.91,0.0,0.91,0.91,0.91,4037.4285714285716,12.976168632572163,4086,4034,4034.0,72.00626373626373,0.2944020242670755,73.28,70.82,71.97,15.729010989010987,0.9490276368122562,23.54,14.57,15.57,12.125054945054947,0.9606090355444918,13.13,4.23,12.25,13.849421978021978,0.38163541263654516,14.9552,12.9247,13.818,675.1648351648352,6440.662036819466,61440,0,0.0,0.0009643516483516483,0.0004781639972883866,0.004981,0.000451,0.000891,1920000.0,0.0,1920000,1920000,1920000.0,8.969999999999999,0.04440000000000002
50,conference,0.0,144081788.02197802,184245.3745302768,144501660,143774452,144084091.0,0.14074945054945054,0.00714186987072052,0.1488,0.1258,0.1429,0.2956846153846154,0.0019115975330087547,0.2984,0.2937,0.2951,-2274088.846153846,171086.84218800973,-1905442,-2735297,-2272395.0,41.0,0.0,41.0,41.0,41.0,0.91,0.0,0.91,0.91,0.91,4091.1428571428573,6.526137923035127,4098,4085,4085.0,72.01,0.36763810708056166,72.83,71.21,72.09,15.666153846153845,0.8526204955322793,21.43,14.39,15.6,12.101208791208792,0.7677743232730639,13.08,6.34,12.18,13.942040659340659,0.45011684531859086,15.0106,13.0996,13.9021,675.1648351648352,6440.662036819466,61440,0,0.0,0.0009604615384615384,0.00040159535487830164,0.003974,0.000339,0.000918,1920000.0,0.0,1920000,1920000,1920000.0,7.039999999999999,0.022999999999999993
51,conference,1.0,145033013.6153846,184324.857657382,145506595,144711184,145034709.0,0.16115604395604397,0.012594912630734038,0.1842,0.1461,0.1567,0.3206,0.002324650511367239,0.3252,0.3161,0.3198,-2299724.3076923075,167269.20158572684,-1934007,-2862009,-2285579.0,42.0,0.0,42.0,42.0,42.0,0.91,0.0,0.91,0.91,0.91,4085.835164835165,3.012063656785877,4089,4083,4083.0,72.00351648351648,0.38693488865519376,74.52,70.95,71.99,15.713076923076924,0.8137371843096555,20.87,14.61,15.57,12.15230769230769,0.8321392470588839,13.27,6.07,12.26,13.92805824175824,0.44041668629856384,15.197,12.9686,13.8696,0.0,0.0,0,0,0.0,0.0010044395604395604,0.0003994295712858306,0.003921,0.000479,0.000966,1920000.0,0.0,1920000,1920000,1920000.0,6.260000000000002,0.038099999999999995
52,conference,1.0,145048817.2857143,201773.024802797,145465630,144721022,145024484.0,0.17204285714285716,0.025772643303649388,0.2551,0.1543,0.1645,0.3213087912087912,0.01586181051983137,0.3752,0.3107,0.3177,-2393186.813186813,260572.2932386374,-2084158,-3516810,-2350033.0,43.0,0.0,43.0,43.0,43.0,0.9,0.0,0.9,0.9,0.9,4071.4725274725274,1.3608874501641917,4072,4068,4072.0,72.02538461538462,0.4204185948216314,73.75,70.87,71.98,15.823846153846155,0.9273687618810657,21.55,14.52,15.68,12.148681318681318,0.888884705423611,13.4,7.39,12.36,13.822782417582417,0.5490387813854333,15.1332,12.4552,13.8121,675.1648351648352,6440.662036819466,61440,0,0.0,0.0010565714285714286,0.0004618536117972433,0.003914,0.000396,0.000977,1920000.0,0.0,1920000,1920000,1920000.0,7.030000000000001,0.1008
53,conference,2.0,145082532.13186812,192830.79203932505,145500913,144719654,145070592.0,0.1583208791208791,0.005712219192874881,0.1688,0.1409,0.158,0.3314901098901099,0.01466062796097125,0.3565,0.3017,0.3317,-2355812.263736264,173477.48385634855,-2049733,-2944408,-2316707.0,43.0,0.0,43.0,43.0,43.0,0.8899999999999999,0.0,0.89,0.89,0.89,4070.5934065934066,0.4939190662005774,4071,4070,4071.0,72.01351648351648,0.42389037793166806,73.58,71.06,71.96,15.681758241758242,0.9610533496656373,22.33,14.32,15.63,12.105824175824177,0.8626317173936279,13.23,6.03,12.16,13.933347252747254,0.5713584718974907,15.0082,12.7336,13.9244,0.0,0.0,0,0,0.0,0.001022978021978022,0.00045338337905186636,0.004352,0.00044,0.001017,1920000.0,0.0,1920000,1920000,1920000.0,8.009999999999998,0.027900000000000008
54,conference,2.0,145030688.48351648,198631.040458058,145486972,144711956,145002858.0,0.15837252747252747,0.0103678248649267,0.1765,0.1424,0.156,0.32934725274725274,0.001990887052956859,0.3349,0.3263,0.329,-2308276.1428571427,159973.93340719066,-1977588,-2790596,-2279719.0,43.0,0.0,43.0,43.0,43.0,0.8899999999999999,0.0,0.89,0.89,0.89,4058.2417582417584,11.817445352190981,4075,4050,4050.0,72.00582417582417,0.447320580876514,73.88,71.06,71.98,15.719780219780219,0.7619798452014889,20.85,14.69,15.67,12.085494505494506,0.7719344585538387,13.42,6.67,12.13,13.965485714285716,0.6044091962995173,15.2157,12.4794,13.9976,675.1648351648352,6440.662036819466,61440,0,0.0,0.0010401648351648352,0.00036602444556299064,0.003779,0.000442,0.001034,1920000.0,0.0,1920000,1920000,1920000.0,6.160000000000002,0.03409999999999999
55,lab,0.0,145132673.65934065,300148.36476687127,145670260,144645508,145169115.0,0.15760109890109888,0.009603338476285722,0.1711,0.1457,0.1608,0.28572527472527476,0.007020123351347309,0.3501,0.2826,0.285,-2403940.043956044,233744.43873246168,-2037281,-3183550,-2341976.0,49.0,0.0,49.0,49.0,49.0,0.78,0.0,0.78,0.78,0.78,3954.3076923076924,3.424397133291614,3957,3950,3957.0,72.02868131868132,0.3224186677501738,73.32,71.45,72.03,15.693516483516483,0.9060615304423302,21.98,14.54,15.49,12.12901098901099,0.8669128559883627,13.05,6.29,12.41,13.857575824175825,0.43957808744816995,14.9277,12.3045,13.8741,0.0,0.0,0,0,0.0,0.0009904945054945056,0.0004484673745999658,0.004165,0.000457,0.000851,1920000.0,0.0,1920000,1920000,1920000.0,7.440000000000001,0.025400000000000006
56,lab,0.0,146248856.35164836,317766.31637225783,146831864,145734352,146262420.0,0.17243186813186814,0.00582286449402276,0.1842,0.1572,0.1728,0.29075604395604393,0.001984731092404588,0.2945,0.2882,0.2899,-2377721.1208791207,192375.54649272378,-2038380,-2993848,-2312679.0,49.05494505494506,1.0040212189284685,50.0,48.0,50.0,0.7753846153846154,0.005012804118276,0.78,0.77,0.78,3944.934065934066,3.9237232822415695,3948,3921,3946.0,72.00879120879121,0.43504236106597316,73.92,71.22,72.02,15.76978021978022,0.910600507628502,21.14,14.24,15.74,12.133516483516484,0.9086685908837215,13.28,6.82,12.31,13.920293406593405,0.4885461294726531,14.7604,12.9108,13.9985,0.0,0.0,0,0,0.0,0.0010416923076923077,0.0004363588913397802,0.003918,0.00035,0.000963,1920000.0,0.0,1920000,1920000,1920000.0,6.9,0.026999999999999996
57,lab,1.0,146020375.6,316731.0743306208,146604199,145513432,146025096.0,0.17743,0.012162056024438168,0.2039,0.1605,0.1784,0.29419,0.004533571402649512,0.2988,0.2854,0.29595,-2373227.1333333333,181129.80952041922,-2047902,-2772651,-2335384.0,48.0,0.0,48.0,48.0,48.0,0.77,0.0,0.77,0.77,0.77,3933.3555555555554,3.412834701406754,3936,3929,3936.0,72.00322222222222,0.4928746855747411,73.54,71.02,72.02,15.74888888888889,0.8950543821836565,21.81,14.34,15.65,12.163777777777778,0.8320349735758912,13.22,6.42,12.335,13.86638,0.6400895871637856,15.4733,12.5081,13.80995,682.6666666666666,6476.344648024841,61440,0,0.0,0.001046588888888889,0.0004251137559443748,0.004186,0.000326,0.000982,1920000.0,0.0,1920000,1920000,1920000.0,7.469999999999999,0.043399999999999994
59,lab,1.0,146119726.13186812,315490.2141879405,146680864,145598554,146149250.0,0.17311538461538462,0.010947084067122602,0.1914,0.1576,0.1744,0.2995186813186813,0.005438829777890574,0.3078,0.2925,0.3006,-2346363.043956044,161023.91239122162,-1985644,-2694646,-2322933.0,48.0,0.0,48.0,48.0,48.0,0.75,0.0,0.75,0.75,0.75,3927.3076923076924,2.41151085740555,3928,3919,3928.0,72.01417582417582,0.48527670442076676,73.59,70.69,72.05,15.747802197802198,0.953058004761285,22.33,14.6,15.58,12.114835164835165,0.8253044726205432,13.09,6.35,12.32,13.855074725274724,0.6667791269467485,15.3965,12.3175,13.9288,0.0,0.0,0,0,0.0,0.0010562197802197802,0.00043926405124424493,0.004356,0.000567,0.001039,1920000.0,0.0,1920000,1920000,1920000.0,7.729999999999999,0.0338
60,lab,2.0,145992284.87777779,304543.6303133543,146545954,145512160,146010728.0,0.16739888888888887,0.006633122444090878,0.1763,0.1571,0.16715,0.2976722222222222,0.0038817645639370986,0.3042,0.291,0.2973,-2337618.3444444444,169603.04911672143,-2058156,-2765693,-2326778.0,47.43333333333333,0.4983117565757047,48.0,47.0,47.0,0.75,0.0,0.75,0.75,0.75,3896.9,4.484805809181103,3902,3893,3893.0,71.99977777777778,0.4047914646304965,73.83,71.03,71.97999999999999,15.708555555555556,0.7335193924676376,20.05,14.69,15.58,12.218111111111112,0.7619562263584386,13.32,6.83,12.364999999999998,13.886522222222222,0.5095703267730476,14.9402,12.7393,13.8238,0.0,0.0,0,0,0.0,0.0010037444444444443,0.0003478793721292753,0.003489,0.0005,0.000964,1920000.0,0.0,1920000,1920000,1920000.0,5.360000000000001,0.019200000000000023
61,lab,2.0,146063727.4888889,316878.5462480196,146628356,145552886,146072747.0,0.17193,0.00932264911475564,0.1836,0.1467,0.1709,0.3105988888888889,0.020282429959048213,0.3529,0.2943,0.3015,-2428025.933333333,221076.4307585995,-2067678,-2993116,-2411924.0,47.077777777777776,0.269321985892155,48.0,47.0,47.0,0.74,0.0,0.74,0.74,0.74,3900.222222222222,3.505301852003438,3907,3893,3901.0,71.99255555555555,0.3796377963657779,73.08,71.17,71.99,15.757555555555557,0.9520071181764751,22.05,14.55,15.625,12.085333333333335,0.8867326719258041,13.27,6.03,12.08,13.89823111111111,0.5857377818901415,15.738,12.5692,13.908,0.0,0.0,0,0,0.0,0.0010559666666666667,0.00043469174018925637,0.00421,0.000403,0.0010025,1920000.0,0.0,1920000,1920000,1920000.0,7.5,0.036900000000000016
63,hallway,0.0,144132369.46153846,201743.6455115664,144568500,143749972,144111924.0,0.13227582417582417,0.007148680385751704,0.1462,0.1183,0.1298,0.2585340659340659,0.0021175572814090913,0.2637,0.257,0.2577,-2388305.2967032967,181265.8383423206,-2089285,-2803414,-2365048.0,47.0,0.0,47.0,47.0,47.0,0.66,0.0,0.66,0.66,0.66,3811.978021978022,4.294642714354343,3816,3806,3814.0,72.00758241758243,0.2529881009908945,73.42,71.5,71.98,15.62120879120879,0.7173590998545135,21.17,14.47,15.56,12.302417582417583,0.7173862134464108,13.38,6.75,12.41,13.829686813186814,0.2639735231709552,14.5305,13.0401,13.8406,0.0,0.0,0,0,0.0,0.0008931428571428571,0.00034636106951588903,0.003736,0.000347,0.000835,1920000.0,0.0,1920000,1920000,1920000.0,6.700000000000001,0.027899999999999994
64,hallway,0.0,144759213.13186812,181099.51631313394,145091748,144452836,144757732.0,0.18542967032967037,0.009852010449147418,0.2018,0.1704,0.1816,0.2589758241758242,0.00041775608495886197,0.2594,0.2581,0.2592,-2578196.2747252746,170389.74935685052,-2185234,-2970410,-2570131.0,50.0,0.0,50.0,50.0,50.0,0.6437362637362637,0.004864463347894026,0.65,0.64,0.64,3777.032967032967,7.876054496525767,3787,3768,3778.0,72.0021978021978,0.2190017868917566,73.46,71.4,71.98,15.257362637362638,0.9562168921383603,23.47,14.41,15.11,12.570109890109888,0.9693371096963286,13.24,4.28,12.7,14.072892307692307,0.21756923098982597,14.6892,13.5214,14.0452,675.1648351648352,6440.662036819466,61440,0,0.0,0.0007384725274725275,0.0004773146723693884,0.004917,0.000401,0.000658,2054400.0,0.0,2054400,2054400,2054400.0,9.059999999999999,0.03140000000000001
65,hallway,1.0,145116994.74725273,198753.79749499168,145537308,144726646,145092982.0,0.2064175824175824,0.011011202310037538,0.2261,0.1892,0.2046,0.27427362637362634,0.003939848704507248,0.2883,0.2696,0.2738,-2610934.824175824,196464.34803018154,-2214532,-3205523,-2591006.0,50.0,0.0,50.0,50.0,50.0,0.64,0.0,0.64,0.64,0.64,3789.4175824175823,4.802929508969719,3791,3775,3791.0,72.00846153846155,0.339437191299962,73.27,71.33,72.0,15.367802197802199,0.7096052144957506,20.03,14.31,15.26,12.377362637362637,0.6714277245208071,13.31,7.72,12.48,13.936527472527471,0.4720796717282968,14.7298,12.8167,13.9392,0.0,0.0,0,0,0.0,0.0008564395604395605,0.00031591173903802126,0.003154,0.000368,0.0008,2054400.0,0.0,2054400,2054400,2054400.0,5.720000000000001,0.03689999999999999
66,hallway,1.0,144681976.53846154,248306.6935515957,145213907,144173368,144714470.0,0.202067032967033,0.09338901202906884,0.4404,0.1499,0.1622,0.2734395604395604,0.0036369058620047425,0.2778,0.2668,0.2735,-2585307.5164835164,297195.12432333664,-2069509,-3492273,-2562441.0,50.0,0.0,50.0,50.0,50.0,0.63,0.0,0.63,0.63,0.63,3790.3846153846152,7.0281485324993715,3797,3783,3797.0,72.01604395604396,0.5728231821831217,75.55,69.49,72.01,15.733956043956043,0.8327876601723201,21.1,14.5,15.71,12.147912087912088,0.7933186504012627,13.1,6.69,12.29,13.956858241758242,0.6286383431346648,17.2848,12.811,13.9394,17104.175824175825,163163.43826609314,1556480,0,0.0,0.0010135274725274724,0.00039200570689324697,0.003814,0.000491,0.000995,1920000.0,0.0,1920000,1920000,1920000.0,6.600000000000001,0.2905
67,hallway,2.0,144653737.8791209,199286.55156558566,145078595,144200768,144631400.0,0.14577802197802198,0.014082469813351477,0.1787,0.1244,0.1428,0.279645054945055,0.00904315903181663,0.3026,0.2689,0.2774,-2489498.659340659,209428.7864784283,-2127005,-3013258,-2470886.0,49.0,0.0,49.0,49.0,49.0,0.62,0.0,0.62,0.62,0.62,3767.846153846154,17.61118525692828,3790,3754,3754.0,72.01054945054945,0.35346966752580916,72.92,70.89,72.01,15.667472527472528,0.9388333107362485,22.01,14.05,15.54,12.195384615384615,0.8620367454043654,13.37,6.35,12.41,13.91066153846154,0.5804474744672293,15.0189,12.4042,13.9469,0.0,0.0,0,0,0.0,0.0009949340659340658,0.00042969495128515427,0.004121,0.000201,0.000935,1920000.0,0.0,1920000,1920000,1920000.0,7.960000000000001,0.0543
68,hallway,2.0,144671724.53846154,204008.09328608363,145096032,144232564,144663524.0,0.1462802197802198,0.00834195846682726,0.1582,0.1356,0.1509,0.2894648351648352,0.014604606378554928,0.3109,0.2672,0.2938,-2512985.0659340657,244317.02689196452,-2043507,-3129349,-2466491.0,49.0,0.0,49.0,49.0,49.0,0.62,0.0,0.62,0.62,0.62,3755.703296703297,16.539175382839417,3777,3743,3743.0,72.01043956043956,0.3536473827224956,73.11,71.25,71.99,15.607032967032968,0.8430678033962162,21.67,14.3,15.55,12.27054945054945,0.8493479363440622,13.3,6.36,12.39,13.866774725274727,0.5125320149552518,14.9818,12.6623,13.9106,18049.406593406595,165793.27390873636,1581056,0,0.0,0.0009510879120879121,0.0004065911035904813,0.003993,0.000375,0.000925,1920000.0,0.0,1920000,1920000,1920000.0,7.370000000000001,0.02260000000000001
69,kitchen,0.0,144545023.4065934,269636.79280002246,145092596,143989595,144556660.0,0.20988131868131868,0.07771549239528601,0.4098,0.1456,0.1963,0.348854945054945,0.028917354511458958,0.4306,0.3323,0.337,-2806178.395604396,277622.3556331265,-2335751,-3702484,-2826852.0,53.0,0.0,53.0,53.0,53.0,0.48,0.0,0.48,0.48,0.48,3621.285714285714,3.634054100636266,3627,3619,3619.0,72.00835164835165,0.5627102347592482,75.07,69.9,71.98,15.802087912087913,0.818925470063623,21.02,14.2,15.74,12.067032967032967,0.8024912522963786,13.42,7.01,12.19,13.911886813186813,0.4915461737571426,16.5944,12.3031,13.9179,0.0,0.0,0,0,0.0,0.0010005384615384616,0.0004124344340536595,0.003688,0.000244,0.000925,1920000.0,0.0,1920000,1920000,1920000.0,6.82,0.2642
70,kitchen,0.0,144791865.7912088,299629.8432194282,145377268,144276027,144708628.0,0.16321648351648352,0.0226932308249558,0.1947,0.1368,0.1606,0.33205164835164835,0.013736111067283471,0.3426,0.2872,0.3359,-2771113.791208791,244077.68516703942,-2203179,-3404747,-2773750.0,51.0,0.0,51.0,51.0,51.0,0.48,0.0,0.48,0.48,0.48,3640.6923076923076,7.004272200580421,3647,3633,3647.0,71.99879120879122,0.27646110903840426,73.62,71.42,71.97,15.739450549450549,0.7443914182999319,21.01,14.63,15.7,12.187912087912087,0.7331265109614308,13.34,6.57,12.28,13.856775824175823,0.30319309298078934,14.507,13.1613,13.8532,0.0,0.0,0,0,0.0,0.000945098901098901,0.0003617059288963605,0.003743,0.000433,0.0009,1920000.0,0.0,1920000,1920000,1920000.0,6.380000000000001,0.05790000000000001
71,kitchen,1.0,145492834.2197802,299304.5612594145,146186795,145043696,145414080.0,0.17077252747252747,0.009438173857432687,0.1889,0.1531,0.1724,0.34005274725274726,0.0017079123487359048,0.3427,0.3365,0.3398,-2650671.659340659,222537.06969892146,-2222589,-3090164,-2636051.0,52.0,0.0,52.0,52.0,52.0,0.47,0.0,0.47,0.47,0.47,3644.6813186813188,7.686755016663804,3659,3640,3640.0,72.00153846153846,0.4367428001745115,72.99,71.22,72.01,15.742307692307692,0.8369270204783918,21.14,14.52,15.67,12.144615384615385,0.7057672069651225,13.21,7.44,12.14,13.944498901098902,0.546962523090427,15.2313,12.6952,13.9941,0.0,0.0,0,0,0.0,0.0010262527472527472,0.0003658985771253677,0.003675,0.000497,0.000973,1920000.0,0.0,1920000,1920000,1920000.0,6.620000000000001,0.0358
72,kitchen,1.0,145545084.56043956,309477.4251665801,146135900,144965414,145485500.0,0.15686703296703297,0.008432609388493047,0.1725,0.1452,0.1556,0.3452142857142857,0.004391647917191355,0.3537,0.3393,0.3428,-2673494.010989011,235886.36722868143,-2318172,-3609098,-2596133.0,52.0,0.0,52.0,52.0,52.0,0.46,0.0,0.46,0.46,0.46,3621.098901098901,15.731818391085413,3648,3612,3612.0,71.9289010989011,0.9712620089913377,73.03,63.48,72.04,16.005714285714287,1.475219865238281,26.3,14.29,15.75,12.075604395604397,0.9490278169336223,13.17,5.56,12.25,13.884153846153847,0.5238817424461134,14.8827,12.2618,13.8787,0.0,0.0,0,0,0.0,0.0011337912087912088,0.0005976365955715064,0.004651,0.000424,0.001009,1920000.0,0.0,1920000,1920000,1920000.0,12.010000000000002,0.02729999999999999
73,kitchen,2.0,145560499.30769232,333161.26194896275,146312517,144974532,145495560.0,0.15377802197802198,0.006165870258443331,0.1645,0.1437,0.1524,0.2816714285714286,0.01294806107933871,0.311,0.2651,0.2799,-2609687.2747252746,217247.86480838296,-2161796,-3102982,-2613712.0,50.54945054945055,0.5003051571843442,51.0,50.0,51.0,0.46,0.0,0.46,0.46,0.46,3644.901098901099,1.0006103143687142,3646,3644,3644.0,72.00934065934067,0.44548550842573703,73.52,71.27,72.01,15.666263736263737,0.8440190207857333,21.52,14.32,15.64,12.143186813186812,0.8180734538072827,13.17,6.5,12.22,13.893937362637363,0.580535126059158,15.4436,12.868,13.8345,0.0,0.0,0,0,0.0,0.0010065054945054945,0.00039758564063122504,0.004032,0.000463,0.000995,1920000.0,0.0,1920000,1920000,1920000.0,7.199999999999999,0.020800000000000013
74,kitchen,2.0,145441390.07692307,319923.0838233448,146024336,144854184,145377124.0,0.15729120879120878,0.010447281925634993,0.1703,0.141,0.1575,0.29194615384615386,0.015589051055805579,0.3151,0.2683,0.293,-2581150.2747252746,190888.58074518916,-2249323,-3100784,-2526185.0,51.0,0.0,51.0,51.0,51.0,0.45,0.0,0.45,0.45,0.45,3649.967032967033,16.852596601414366,3658,3615,3658.0,72.02065934065934,0.4030599685125502,73.16,71.19,71.99,15.82956043956044,0.8712391074886282,22.13,14.13,15.8,12.131648351648352,0.8959467540432219,13.33,6.3,12.27,13.909156043956044,0.53098340175121,15.0458,12.8997,13.8713,0.0,0.0,0,0,0.0,0.0010567032967032967,0.00043099787301629063,0.00429,0.000358,0.001023,1920000.0,0.0,1920000,1920000,1920000.0,7.999999999999998,0.02930000000000002
76,hallway,0.0,143779791.32967034,185270.56940611987,144166100,143425332,143769044.0,0.13614725274725276,0.00829983052918474,0.1482,0.122,0.1386,0.25816153846153844,0.00328734168966586,0.2655,0.2536,0.2576,-2505431.340659341,192601.78887211363,-2059255,-2877390,-2519593.0,46.0,0.0,46.0,46.0,46.0,0.36,0.0,0.36,0.36,0.36,3593.0,7.389181280764036,3596,3575,3596.0,72.00857142857143,0.2696646947953084,73.18,71.45,71.99,15.747582417582418,0.863161296448945,21.59,14.23,15.61,12.10087912087912,0.8509950363501256,13.31,6.04,12.21,13.948105494505493,0.2656981116324137,14.601,13.4844,13.9217,17824.351648351647,163648.02819237625,1560576,0,0.0,0.0009648131868131868,0.000430818727336888,0.004049,0.000299,0.000897,1920000.0,0.0,1920000,1920000,1920000.0,7.359999999999999,0.0262
77,hallway,0.0,143798445.7912088,199810.6448280599,144178340,143435524,143781620.0,0.13966483516483516,0.007978629423185874,0.1539,0.1245,0.14,0.25515714285714286,0.0021211183034293164,0.2615,0.2518,0.2556,-2544117.8021978023,187159.78089650325,-2230646,-3038893,-2529481.0,46.0,0.0,46.0,46.0,46.0,0.35,0.0,0.35,0.35,0.35,3590.131868131868,2.4322316739469345,3592,3587,3592.0,72.00857142857143,0.27744697763144827,73.36,71.43,72.0,15.674725274725276,0.7045744825532652,21.17,14.58,15.67,12.17164835164835,0.7258669356726534,13.35,6.68,12.26,13.979010989010987,0.36793121140009905,14.8316,12.7788,13.9513,17824.351648351647,163648.02819237625,1560576,0,0.0,0.0009372417582417582,0.0003509262455166752,0.003744,0.000386,0.000898,1920000.0,0.0,1920000,1920000,1920000.0,6.590000000000002,0.02940000000000001
78,hallway,1.0,144788863.7912088,190534.9444028434,145188072,144403826,144773654.0,0.14682417582417584,0.00861493974518609,0.1602,0.1307,0.1499,0.2725934065934066,0.002436655366950611,0.2811,0.2697,0.2726,-2530511.340659341,191467.21072034008,-2119315,-3103348,-2501282.0,46.0,0.0,46.0,46.0,46.0,0.35,0.0,0.35,0.35,0.35,3594.5494505494507,6.890031021159059,3599,3584,3599.0,72.01989010989011,0.40894306722871926,73.27,71.07,72.02,15.743296703296705,0.9998022637224654,23.06,14.47,15.64,12.147472527472528,0.9035578975565848,13.07,5.51,12.15,13.979757142857142,0.5185105708003899,15.4192,13.164,13.9263,675.1648351648352,6440.662036819466,61440,0,0.0,0.0010214395604395603,0.0004792446187906596,0.00472,0.000564,0.000957,1920000.0,0.0,1920000,1920000,1920000.0,8.589999999999998,0.0295
79,hallway,1.0,144714395.64835164,185625.14716446347,145290266,144325608,144693612.0,0.14875054945054947,0.00992859365252561,0.1566,0.1268,0.1525,0.27323736263736265,0.003285579548121273,0.2789,0.2671,0.2732,-2602632.5384615385,206798.607123845,-2189995,-3109574,-2591006.0,47.02197802197802,0.14742395237484934,48.0,47.0,47.0,0.3302197802197802,0.0014742395237484886,0.34,0.33,0.33,3563.7252747252746,3.326880200447699,3581,3563,3563.0,72.00780219780219,0.30372795648519474,72.68,71.25,72.06,15.615384615384615,0.7270003938441663,20.41,14.38,15.56,12.278131868131867,0.748334316388236,13.3,6.86,12.32,13.879351648351648,0.5285096509920111,16.0829,12.8004,13.9331,675.1648351648352,6440.662036819466,61440,0,0.0,0.0009553846153846154,0.0003602449404141812,0.003616,0.000397,0.000961,1920000.0,0.0,1920000,1920000,1920000.0,6.029999999999999,0.029799999999999993
80,hallway,2.0,144700742.8021978,188732.84185361257,145087600,144329652,144691012.0,0.14954505494505496,0.015812057731970544,0.1799,0.1223,0.1462,0.28276373626373624,0.021636422565682704,0.321,0.2569,0.2774,-2640172.021978022,226664.6297535917,-2251886,-3216876,-2617008.0,48.0,0.0,48.0,48.0,48.0,0.32,0.0,0.32,0.32,0.32,3552.912087912088,0.28473580925927694,3553,3552,3553.0,72.01681318681318,0.3674079752381822,72.9,71.18,72.03,15.715604395604394,0.8895344709968096,21.97,14.37,15.66,12.16945054945055,0.8241175248407808,13.27,6.36,12.41,13.869593406593408,0.5081369082359589,14.9882,12.6594,13.8867,17374.24175824176,165739.703080821,1581056,0,0.0,0.0010035384615384615,0.00042771510008135884,0.004236,0.00037,0.000961,1920000.0,0.0,1920000,1920000,1920000.0,7.6,0.0576
81,hallway,2.0,145374830.68131867,200709.12690685643,145790464,144966366,145344790.0,0.15724725274725274,0.01261012239485352,0.1766,0.1321,0.1594,0.2743714285714286,0.00633903753147089,0.2843,0.2641,0.2749,-2623249.5494505493,236185.19721637768,-2160331,-3124589,-2599429.0,50.0,0.0,50.0,50.0,50.0,0.3057142857142857,0.004976133515281217,0.31,0.3,0.31,3563.4285714285716,2.9856801091685217,3566,3560,3566.0,72.01362637362637,0.43467105438357106,73.44,71.17,71.98,15.7610989010989,1.010918669714116,22.67,14.44,15.62,12.106703296703298,0.9415684962928791,13.15,5.55,12.2,13.956751648351648,0.5054304142373526,14.9461,12.4489,14.0386,0.0,0.0,0,0,0.0,0.0010241648351648352,0.00047387521244724,0.004512,0.000457,0.000964,1920000.0,0.0,1920000,1920000,1920000.0,8.230000000000002,0.04450000000000001
82,lab,0.0,144999765.73626372,276626.19590374717,145651767,144507852,144924780.0,0.14446373626373626,0.014131159553613062,0.1713,0.1202,0.1466,0.2872846153846154,0.001458608398967453,0.2902,0.2849,0.2872,-2448333.164835165,199285.54509877771,-2129935,-3116532,-2412657.0,51.0,0.0,51.0,51.0,51.0,0.7700000000000001,0.0,0.77,0.77,0.77,3908.263736263736,0.6804437250821891,3910,3908,3908.0,72.01274725274725,0.39490101694831514,74.2,71.16,72.0,15.623516483516484,0.9480932603287668,23.26,14.42,15.63,12.163516483516485,0.8948275732432401,13.32,4.77,12.19,13.96505054945055,0.4726994279604527,14.9115,13.0426,13.9694,0.0,0.0,0,0,0.0,0.0009511868131868132,0.00046654826860174605,0.004865,0.000404,0.000928,1920000.0,0.0,1920000,1920000,1920000.0,8.840000000000002,0.051100000000000007
83,lab,0.0,145818378.30769232,274324.18343228864,146512355,145364872,145785660.0,0.16404395604395602,0.00882259987873578,0.1826,0.1508,0.161,0.2980868131868132,0.0016959565502302147,0.3008,0.2953,0.2976,-2393693.9340659343,166655.34938341068,-1998828,-2765327,-2369443.0,49.0,0.0,49.0,49.0,49.0,0.76,0.0,0.76,0.76,0.76,3909.5604395604396,5.346252667281893,3960,3909,3909.0,72.00692307692307,0.4119268875465178,73.7,71.25,72.0,15.743076923076924,0.9170916497368701,22.39,14.35,15.71,12.0610989010989,0.9332933926566483,13.28,5.26,12.13,13.935901098901098,0.4513751670652958,15.1111,12.9782,13.8681,0.0,0.0,0,0,0.0,0.0010311208791208791,0.00046270311660369693,0.004575,0.000279,0.001015,1920000.0,0.0,1920000,1920000,1920000.0,8.040000000000001,0.03180000000000002
84,lab,1.0,145764999.5054945,309478.20400450926,146472207,145138200,145777407.0,0.17624615384615383,0.04627638540501889,0.3874,0.156,0.165,0.30544065934065934,0.012903608263858071,0.361,0.2957,0.3063,-2434444.978021978,258378.34502437088,-1944628,-3397789,-2411192.0,48.0,0.0,48.0,48.0,48.0,0.76,0.0,0.76,0.76,0.76,3920.076923076923,12.235858748622947,3941,3913,3913.0,72.03857142857143,0.5263344340891407,73.92,71.06,71.98,15.71021978021978,0.8790474364927046,21.61,14.65,15.66,12.126373626373626,0.865969612609686,13.28,6.48,12.25,13.922602197802197,0.6093014369802741,15.8808,12.6743,13.9759,0.0,0.0,0,0,0.0,0.0010457032967032967,0.0004264331781574406,0.003993,0.000537,0.000998,1920000.0,0.0,1920000,1920000,1920000.0,6.959999999999999,0.23140000000000002
87,lab,1.0,145770242.57142857,295890.79214123974,146520885,145193550,145721032.0,0.1601945054945055,0.008438093026236075,0.1783,0.1509,0.1551,0.3542461538461539,0.0039867086868552145,0.3584,0.3413,0.3555,-2466306.10989011,210090.3010117554,-2060353,-2956494,-2463195.0,48.0,0.0,48.0,48.0,48.0,0.7299999999999999,0.0,0.73,0.73,0.73,3885.4725274725274,10.27222864419739,3896,3871,3892.0,72.00934065934067,0.48147643809387036,73.86,70.88,72.04,15.717252747252747,0.8580340137444256,22.0,14.54,15.73,12.09989010989011,0.8250717066554403,13.39,5.89,12.11,13.915504395604396,0.5385666410662221,15.327,12.937,13.8486,0.0,0.0,0,0,0.0,0.0010129560439560439,0.00040047013793756376,0.004161,0.000396,0.001033,1920000.0,0.0,1920000,1920000,1920000.0,7.460000000000001,0.02739999999999998
88,lab,2.0,145723393.4945055,296835.53195804317,146471875,145176650,145665790.0,0.15993956043956042,0.013301895262796824,0.1865,0.1401,0.1552,0.3024362637362637,0.0076316230468800265,0.3151,0.2894,0.3038,-2409920.2747252746,215050.20027374837,-2055592,-3064895,-2432799.0,48.0,0.0,48.0,48.0,48.0,0.7299999999999999,0.0,0.73,0.73,0.73,3824.3076923076924,13.952054653699859,3869,3820,3820.0,72.00681318681319,0.48633751225273203,74.3,70.64,72.0,15.654725274725275,0.916583439445205,21.29,14.34,15.48,12.151758241758241,0.8499837820761228,13.29,6.48,12.3,13.976446153846155,0.5129188860082378,15.6636,12.818,13.9976,0.0,0.0,0,0,0.0,0.001011978021978022,0.0004262182533768345,0.003972,0.000478,0.00095,1920000.0,0.0,1920000,1920000,1920000.0,6.949999999999999,0.0464
89,lab,2.0,145723466.42222223,312173.1787538245,146375475,145134298,145665026.0,0.16283333333333333,0.012320258278337505,0.1815,0.1375,0.16595,0.30922222222222223,0.005911021466846841,0.3205,0.2999,0.308,-2401507.511111111,203465.63698759928,-1987842,-2966015,-2383908.5,47.0,0.0,47.0,47.0,47.0,0.72,0.0,0.72,0.72,0.72,3875.777777777778,6.495941304631131,3883,3870,3870.0,72.00244444444445,0.4220317659674969,73.43,70.78,71.955,15.704555555555556,0.7036632256137517,20.26,14.73,15.705,12.19688888888889,0.837765412506395,13.37,7.12,12.335,13.93787888888889,0.4616607406277405,15.2413,13.1388,13.9729,0.0,0.0,0,0,0.0,0.0009981333333333334,0.0003620136318744383,0.003428,0.000403,0.000967,1920000.0,0.0,1920000,1920000,1920000.0,5.530000000000001,0.043999999999999984
90,lab,0.0,144713842.47777778,280446.5129162489,145213108,144254116,144746260.0,0.15460444444444443,0.009903908105152527,0.1766,0.1351,0.15494999999999998,0.29554888888888886,0.0027562082912615596,0.3023,0.2928,0.2942,-2517684.6333333333,181027.04318263705,-2044972,-2982129,-2528199.0,51.68888888888889,0.7289278635175357,52.0,50.0,52.0,0.64,0.0,0.64,0.64,0.64,3781.511111111111,5.831422908140158,3784,3768,3784.0,71.99877777777778,0.3439716077183621,73.34,71.08,72.05,15.776666666666667,1.1268320912175662,24.71,14.47,15.695,12.09088888888889,0.9591916592636732,13.3,4.39,12.17,13.972838888888889,0.36201794843283036,14.8039,13.2874,14.0123,682.6666666666666,6476.34464802484,61440,0,0.0,0.001003411111111111,0.0005189122351037066,0.005332,0.00033,0.0008885,1920000.0,0.0,1920000,1920000,1920000.0,10.24,0.04150000000000001
91,lab,0.0,145841784.92307693,283757.9547519687,146377668,145365384,145868582.0,0.16671538461538463,0.009119611627658057,0.1844,0.1548,0.1655,0.34604175824175826,0.001109260607999405,0.3491,0.3445,0.3458,-2655412.4285714286,275901.16930782516,-2193291,-3616422,-2619937.0,50.0,0.0,50.0,50.0,50.0,0.63,0.0,0.63,0.63,0.63,3744.0,0.0,3744,3744,3744.0,72.02274725274725,0.40039165807179417,74.12,71.07,72.0,15.942527472527471,0.8207606139112585,22.03,14.67,15.77,12.025494505494505,0.807491676924789,13.37,6.7,12.2,13.79251978021978,0.43984128178236187,14.7602,12.6072,13.8085,675.1648351648352,6440.662036819466,61440,0,0.0,0.0010975934065934065,0.00041632796842078375,0.004206,0.000422,0.001019,1920000.0,0.0,1920000,1920000,1920000.0,7.360000000000001,0.029600000000000015
92,lab,1.0,146303664.54945055,295897.2736576812,147035996,145820808,146317256.0,0.16893516483516482,0.008818759973631652,0.1829,0.1535,0.1691,0.3495010989010989,0.003359976670074212,0.3565,0.3464,0.348,-2596072.7252747254,217765.35317931668,-2235406,-3200396,-2550722.0,51.0,0.0,51.0,51.0,51.0,0.62,0.0,0.62,0.62,0.62,3737.120879120879,0.9981668178900115,3738,3736,3738.0,72.00934065934067,0.45215976084615095,74.0,70.9,72.07,15.80989010989011,0.9766490265818729,22.65,14.56,15.69,12.085384615384616,0.9661415903735707,13.38,4.92,12.19,13.918472527472526,0.6057451314182181,15.1374,12.1407,13.8863,0.0,0.0,0,0,0.0,0.0010728021978021979,0.0004803271158464179,0.004702,0.000375,0.001033,1920000.0,0.0,1920000,1920000,1920000.0,8.089999999999998,0.02940000000000001
93,lab,1.0,146302178.91208792,298147.7407903597,146877003,145786396,146316048.0,0.1624989010989011,0.007756939466703996,0.1776,0.1502,0.1608,0.34782197802197806,0.003908702603672474,0.3531,0.3416,0.3489,-2575886.3516483516,203006.77687168613,-2136893,-2998243,-2572329.0,50.0,0.0,50.0,50.0,50.0,0.61,0.0,0.61,0.61,0.61,3748.5824175824177,4.580310358397805,3751,3740,3751.0,72.00692307692307,0.4051657885845201,73.33,71.18,71.97,15.721868131868133,0.8253011734282385,20.79,14.43,15.65,12.108461538461537,0.8647991713904488,13.07,6.58,12.25,13.971216483516482,0.6016259861157256,15.2621,12.674,13.9799,0.0,0.0,0,0,0.0,0.0010424175824175824,0.00038812532529051513,0.003754,0.000484,0.00096,1920000.0,0.0,1920000,1920000,1920000.0,6.359999999999999,0.027400000000000008
94,lab,2.0,146053119.0989011,303724.2683091117,146738771,145569616,146067608.0,0.16255714285714284,0.005919893821441627,0.1722,0.1497,0.1631,0.3024065934065934,0.012974126407737643,0.3239,0.2864,0.2958,-2533960.208791209,179989.5900482715,-2208306,-3025343,-2556948.0,50.0,0.0,50.0,50.0,50.0,0.6,0.0,0.6,0.6,0.6,3737.7582417582416,2.9186780087362787,3740,3734,3740.0,71.9976923076923,0.433469406643337,73.9,71.14,71.98,15.605274725274725,0.8133064758671382,20.54,14.45,15.48,12.15989010989011,0.8139690063789555,13.3,6.54,12.3,13.990286813186813,0.5718518048525025,15.094,12.8983,14.0095,0.0,0.0,0,0,0.0,0.0010125604395604395,0.0003839758733390306,0.003649,0.000483,0.001017,1920000.0,0.0,1920000,1920000,1920000.0,6.09,0.022499999999999992
95,lab,2.0,146238674.4945055,297918.85911211383,146763042,145731192,146245002.0,0.16764945054945055,0.016481763481876802,0.2051,0.1445,0.1631,0.3025164835164835,0.00840682611184062,0.3152,0.2943,0.2962,-2561998.1428571427,225546.95651369466,-2207574,-3159379,-2499085.0,50.0,0.0,50.0,50.0,50.0,0.6,0.0,0.6,0.6,0.6,3714.6923076923076,3.437351395389566,3717,3709,3717.0,72.00725274725275,0.3273837908634885,73.54,71.26,71.97,15.603186813186815,0.8768135227070541,22.15,14.43,15.6,12.243626373626375,0.774659088436135,13.43,6.45,12.29,13.983472527472529,0.4753757089727225,15.1129,13.0654,14.0641,0.0,0.0,0,0,0.0,0.0009635274725274725,0.000433672875709057,0.004322,0.000354,0.000969,1920000.0,0.0,1920000,1920000,1920000.0,7.719999999999999,0.060600000000000015
96,lab,0.0,145514867.8901099,276298.20474500966,146064884,144999684,145450756.0,0.14963626373626374,0.011413330573242616,0.1699,0.1351,0.1496,0.2876835164835165,0.0013076071221266475,0.2902,0.2863,0.287,-2580478.164835165,169808.74608722888,-2192192,-2966748,-2577456.0,53.0,0.0,53.0,53.0,53.0,0.52,0.0,0.52,0.52,0.52,3675.1428571428573,4.850135000575531,3686,3673,3673.0,72.00879120879121,0.22897760766228792,73.27,71.57,72.01,15.754615384615386,0.7482562064075048,21.61,14.23,15.66,12.08076923076923,0.7472694453352309,13.56,6.67,12.09,13.879916483516483,0.4021256902080176,14.7812,12.691,13.9385,0.0,0.0,0,0,0.0,0.000996868131868132,0.0003744029976373115,0.00401,0.00025,0.00094,1920000.0,0.0,1920000,1920000,1920000.0,7.379999999999999,0.0348
97,lab,0.0,145269314.3846154,281727.35342461045,145828556,144726076,145247300.0,0.16074725274725274,0.02658810235449659,0.3747,0.1394,0.1609,0.29254725274725274,0.015186217001386084,0.4102,0.2874,0.2885,-2600427.1428571427,233629.36921250957,-2127371,-3696990,-2580752.0,50.0,0.0,50.0,50.0,50.0,0.52,0.0,0.52,0.52,0.52,3689.3846153846152,4.127870666495764,3690,3662,3690.0,72.02758241758242,0.33066041882316694,73.66,71.25,71.99,15.87087912087912,0.8182782036442241,20.99,14.58,15.69,11.992967032967032,0.7961218423017842,12.95,6.93,12.13,13.93246813186813,0.3683226076505095,14.7049,13.031,13.9532,0.0,0.0,0,0,0.0,0.0010546483516483518,0.00040304202630677983,0.003581,0.000553,0.000935,1920000.0,0.0,1920000,1920000,1920000.0,6.409999999999998,0.23529999999999998
98,lab,1.0,146226581.0989011,280559.7811009429,146786368,145688516,146170872.0,0.1661098901098901,0.009877967120426876,0.1859,0.1473,0.1656,0.30364725274725274,0.002010601936366446,0.3065,0.3004,0.3038,-2544174.0659340657,189436.7771000131,-2133597,-2893870,-2533143.0,50.76923076923077,0.4236592728681623,51.0,50.0,51.0,0.51,0.0,0.51,0.51,0.51,3680.5384615384614,6.354889093022352,3684,3669,3684.0,72.01208791208792,0.4887637840818773,73.26,70.9,72.02,15.73054945054945,0.9513117991458633,22.13,14.36,15.61,12.14912087912088,0.8267495232020244,13.13,6.25,12.29,14.020993406593407,0.6198250544938191,15.6667,12.8874,13.9412,0.0,0.0,0,0,0.0,0.001024923076923077,0.00042615389058594605,0.004167,0.000508,0.000957,1920000.0,0.0,1920000,1920000,1920000.0,7.77,0.03860000000000002
99,lab,1.0,146473915.45054945,282267.15655470255,147225919,145942228,146412354.0,0.1683120879120879,0.0107533853601225,0.1868,0.152,0.164,0.2986197802197802,0.002397833271018757,0.3031,0.295,0.2996,-2586108.3626373624,216466.12421811276,-2259577,-3104446,-2584414.0,50.0,0.0,50.0,50.0,50.0,0.51,0.0,0.51,0.51,0.51,3669.3846153846152,2.541955637209173,3674,3668,3668.0,72.0157142857143,0.38844745921607976,72.87,71.23,72.0,15.700219780219781,0.9501040621625237,22.41,14.57,15.49,12.12131868131868,0.8391122409245101,13.21,6.06,12.22,13.909895604395604,0.5089556570756952,15.1084,12.8381,13.9101,0.0,0.0,0,0,0.0,0.0010293296703296703,0.00042925900119844925,0.00429,0.000519,0.000979,1920000.0,0.0,1920000,1920000,1920000.0,7.84,0.0348
100,lab,2.0,146435651.62222221,292217.83017482294,147209861,145895486,146378828.0,0.15883555555555556,0.007272022903128154,0.1723,0.1458,0.16,0.31627666666666665,0.012001872981171753,0.3417,0.304,0.3123,-2571722.488888889,203729.94641912144,-2183403,-3072952,-2565370.5,50.0,0.0,50.0,50.0,50.0,0.5,0.0,0.5,0.5,0.5,3652.8555555555554,7.416291073265338,3658,3623,3654.0,72.00122222222222,0.3597528108213794,72.88,71.07,72.005,15.733666666666666,0.8076814507234253,20.85,14.63,15.685,12.086777777777778,0.7820368504461157,13.03,7.02,12.23,13.926646666666668,0.5697337373770469,15.0026,12.6045,13.87455,0.0,0.0,0,0,0.0,0.0010329888888888888,0.00038253070654287305,0.003547,0.000505,0.0009915000000000002,1920000.0,0.0,1920000,1920000,1920000.0,6.220000000000001,0.026499999999999996
101,lab,2.0,146248472.94505495,290070.56780705124,146966319,145783488,146180256.0,0.16397582417582418,0.008887248551333899,0.1824,0.1526,0.1654,0.31614725274725275,0.005065029135801683,0.3282,0.3111,0.3142,-2563225.6373626376,185931.7016336026,-2202080,-2951000,-2543031.0,50.0,0.0,50.0,50.0,50.0,0.48999999999999994,0.0,0.49,0.49,0.49,3650.0,0.0,3650,3650,3650.0,72.00989010989011,0.33834398835601415,73.44,71.4,72.01,15.676043956043955,0.8841516701472528,22.14,14.32,15.66,12.187362637362638,0.8677977685111706,13.34,5.84,12.31,13.950725274725276,0.4596021055926543,14.8279,13.0234,13.8998,0.0,0.0,0,0,0.0,0.001004835164835165,0.0004347544712883935,0.004362,0.000365,0.000987,1920000.0,0.0,1920000,1920000,1920000.0,7.82,0.029799999999999993
102,conference,0.0,145269255.08791208,295002.41944567184,145800259,144787036,145297724.0,0.21278021978021977,0.10841368119874113,0.4771,0.1329,0.1806,0.24925714285714287,0.0011554838195071467,0.2517,0.2466,0.2495,-2736950.7802197803,220489.01851721422,-2258112,-3409874,-2714056.0,54.879120879120876,1.4593390043681838,56.0,53.0,56.0,0.33,0.0,0.33,0.33,0.33,3554.978021978022,7.783141356630275,3565,3549,3549.0,72.00461538461539,0.3091504764576915,73.23,70.89,71.97,15.667032967032968,0.724848634782148,20.52,14.66,15.59,12.267692307692307,0.7032876397843942,13.41,7.88,12.38,13.787127472527473,0.4252723527513304,15.5726,12.6531,13.8046,0.0,0.0,0,0,0.0,0.000922989010989011,0.00034663286676589705,0.00333,0.000466,0.000845,1920000.0,0.0,1920000,1920000,1920000.0,5.859999999999999,0.34420000000000006
103,conference,0.0,145680026.63736263,299512.63750743604,146209512,145187094,145734872.0,0.15174285714285715,0.008155068537856866,0.161,0.1373,0.155,0.2928747252747253,0.00034915561847068295,0.2937,0.2923,0.2928,-2743695.6263736263,245977.47210315568,-2226617,-3295613,-2687688.0,50.395604395604394,0.4916891718944451,51.0,50.0,50.0,0.33,0.0,0.33,0.33,0.33,3583.967032967033,18.68418853198853,3599,3561,3599.0,72.00923076923077,0.30829001774746967,73.22,71.33,72.0,15.573406593406594,0.8683179394415639,21.78,14.39,15.48,12.205604395604396,0.8364039544930283,13.3,5.83,12.32,14.021747252747254,0.37192515505756124,15.026,13.184,14.0123,0.0,0.0,0,0,0.0,0.0009341428571428571,0.000421672926736893,0.004241,0.000332,0.000848,1920000.0,0.0,1920000,1920000,1920000.0,7.390000000000001,0.0237
104,conference,1.0,145876454.37362638,301895.6804461043,146494357,145384848,145928768.0,0.15566043956043957,0.008210628330549218,0.169,0.1439,0.1528,0.30343956043956044,0.0022401824886419345,0.3071,0.2988,0.3035,-2918410.769230769,222037.17786208083,-2461364,-3387535,-2878855.0,52.0,0.0,52.0,52.0,52.0,0.32,0.0,0.32,0.32,0.32,3576.5714285714284,6.535616704970063,3583,3570,3583.0,72.00824175824175,0.40102533421383624,72.99,70.93,72.0,15.6210989010989,0.8052459259263607,20.6,14.44,15.64,12.274395604395604,0.6949679589595942,13.37,7.58,12.33,13.778485714285715,0.5571424010213842,15.1532,12.6567,13.7314,0.0,0.0,0,0,0.0,0.0009585384615384615,0.00037204483922393316,0.003518,0.000358,0.000946,1920000.0,0.0,1920000,1920000,1920000.0,6.160000000000002,0.02510000000000001
105,conference,1.0,146078897.81318682,302781.8284637366,146603508,145568310,146124196.0,0.15143406593406594,0.005912213719265477,0.1615,0.141,0.1498,0.2984560439560439,0.001402316241969272,0.3009,0.2965,0.2985,-2918849.4065934066,204778.0872578888,-2481872,-3339193,-2953564.0,52.0,0.0,52.0,52.0,52.0,0.32,0.0,0.32,0.32,0.32,3564.010989010989,1.4180934422625804,3565,3562,3565.0,72.00571428571429,0.5391312824187998,73.25,70.9,71.9,15.527692307692307,0.810952905774814,19.88,14.21,15.49,12.227252747252749,0.7061020793908953,13.27,7.85,12.42,14.091036263736264,0.6540981259237764,15.8134,12.7784,14.0454,0.0,0.0,0,0,0.0,0.0009745824175824176,0.0003307504284345614,0.003088,0.000431,0.000927,1920000.0,0.0,1920000,1920000,1920000.0,5.669999999999998,0.020500000000000018
106,conference,2.0,146080631.15384614,306411.1288535197,146611188,145545748,146113228.0,0.15034285714285714,0.01099944587348879,0.1671,0.1297,0.151,0.315567032967033,0.00472322994347101,0.3207,0.3021,0.3158,-2670310.736263736,193445.12473394017,-2328060,-3273274,-2632755.0,51.75824175824176,0.4305205980530876,52.0,51.0,52.0,0.31,0.0,0.31,0.31,0.31,3562.3406593406594,4.7357265785837885,3565,3554,3565.0,72.00758241758243,0.42666494963024465,73.52,70.79,72.01,15.726483516483516,0.8386104560208496,21.29,14.28,15.68,12.115824175824175,0.8051667404044206,13.23,6.53,12.35,13.888517582417583,0.5606506023448525,15.1281,12.7531,13.9355,0.0,0.0,0,0,0.0,0.0010212967032967033,0.0004006846777567256,0.004041,0.0004,0.000995,1920000.0,0.0,1920000,1920000,1920000.0,7.01,0.03739999999999999
107,conference,2.0,145796153.03296703,306183.6842513146,146415565,145294216,145841116.0,0.15207142857142858,0.009094116360645043,0.1643,0.1327,0.1543,0.31365714285714286,0.009945843831661997,0.3257,0.2924,0.3185,-2663891.791208791,176562.8190098996,-2394346,-3288655,-2636417.0,51.0,0.0,51.0,51.0,51.0,0.31,0.0,0.31,0.31,0.31,3560.285714285714,18.725078676164884,3574,3535,3574.0,72.00835164835165,0.32563873553462036,73.81,71.33,72.01,15.740769230769232,0.8212527432989603,20.79,14.49,15.65,12.180769230769231,0.7907172985042414,13.24,6.84,12.2,13.903668131868132,0.4149211774888013,14.6996,12.8877,13.9382,0.0,0.0,0,0,0.0,0.0010006483516483517,0.00039132113477939135,0.003712,0.000449,0.000961,1920000.0,0.0,1920000,1920000,1920000.0,6.299999999999999,0.03159999999999999
108,hallway,0.0,144509274.93406594,192623.04922976703,144997005,144106206,144487936.0,0.14377912087912087,0.010379376094325132,0.1596,0.1314,0.1405,0.2716,0.0014650748938004525,0.2739,0.2691,0.272,-2245620.340659341,150455.4219870989,-1945726,-2632023,-2220758.0,38.0,0.0,38.0,38.0,38.0,0.9300000000000002,0.0,0.93,0.93,0.93,4027.4285714285716,6.44660609613557,4035,4022,4022.0,72.0067032967033,0.3094190073349118,73.57,71.42,71.98,15.706263736263736,0.9847759455854224,23.91,14.41,15.59,12.145054945054946,0.9770390343918074,13.29,3.86,12.26,13.89869010989011,0.4427508459255221,14.8708,12.871,13.9251,17824.351648351647,163648.02819237622,1560576,0,0.0,0.0009606483516483516,0.0004889054299288558,0.005207,0.00034,0.000887,1920000.0,0.0,1920000,1920000,1920000.0,9.5,0.028200000000000003
109,hallway,0.0,143778213.6153846,199926.84813961777,144185188,143378260,143743396.0,0.15753186813186812,0.05323903096021207,0.4583,0.1213,0.1403,0.2764230769230769,0.02306782307757846,0.4045,0.2664,0.2694,-2321741.835164835,264492.1041554196,-1959277,-3393394,-2251154.0,38.61538461538461,0.4891995904702253,39.0,38.0,39.0,0.9261538461538462,0.004891995904702335,0.93,0.92,0.93,4035.076923076923,10.082141273041804,4047,4026,4026.0,72.02857142857144,0.43805522591607254,73.77,71.33,71.99,15.78703296703297,0.9736477739870759,21.14,14.53,15.67,12.026593406593408,0.9281262124184763,13.12,6.76,12.16,13.96402967032967,0.38671711208137216,14.8697,13.0182,13.966,0.0,0.0,0,0,0.0,0.001023989010989011,0.00046560468436230554,0.003761,0.000484,0.000939,1920000.0,0.0,1920000,1920000,1920000.0,6.610000000000001,0.33699999999999997
110,hallway,1.0,144642976.05494505,220746.17621691446,145239651,144193874,144609864.0,0.14989340659340658,0.0028090252242766876,0.1531,0.1438,0.1504,0.2856835164835165,0.00306573405153245,0.2911,0.2806,0.2858,-2245342.659340659,160271.74089639273,-1992603,-2567568,-2226617.0,38.0,0.0,38.0,38.0,38.0,0.92,0.0,0.92,0.92,0.92,4057.3406593406594,3.967142213006495,4059,4044,4059.0,72.00428571428571,0.38894770530280526,73.87,70.94,72.01,15.65989010989011,0.8097468664897625,22.01,14.73,15.59,12.251978021978022,0.7737803589882876,13.04,6.05,12.33,13.93052967032967,0.4976192014637754,15.2632,13.0147,13.9827,0.0,0.0,0,0,0.0,0.0009753736263736264,0.0003902206113455895,0.00427,0.000602,0.00092,1920000.0,0.0,1920000,1920000,1920000.0,7.280000000000001,0.009300000000000003
111,hallway,1.0,145361706.41758242,194386.76441330567,145779952,144970936,145346398.0,0.1484912087912088,0.00937241399417163,0.1731,0.1387,0.1473,0.27723516483516486,0.0013067664610168464,0.2793,0.2755,0.2767,-2211573.923076923,168845.30884347833,-1843551,-2584780,-2231378.0,38.0,0.0,38.0,38.0,38.0,0.91,0.0,0.91,0.91,0.91,4066.736263736264,2.5158836081326146,4067,4043,4067.0,72.01120879120879,0.3451049282137414,73.68,71.26,72.01,15.607362637362638,0.8830878088525956,22.48,14.66,15.55,12.289450549450548,0.8965729351720516,13.19,5.32,12.48,13.844635164835164,0.42996359907261056,14.6359,12.8365,13.8291,17194.197802197803,164022.19320433578,1564672,0,0.0,0.000962,0.00042970801456079186,0.004519,0.000495,0.000892,1920000.0,0.0,1920000,1920000,1920000.0,7.82,0.034400000000000014
112,hallway,2.0,145456753.83516484,201609.88782894216,145891808,145041932,145437152.0,0.1667054945054945,0.011425180403509927,0.1855,0.1476,0.1654,0.2938791208791209,0.018139560918877508,0.3424,0.2695,0.2848,-2216757.3516483516,210955.79658846767,-1836593,-2797554,-2215631.0,39.010989010989015,1.0054794930723483,40.0,38.0,40.0,0.9049450549450551,0.005027397465361626,0.91,0.9,0.9,4042.285714285714,5.346412534038774,4050,4036,4046.0,72.01153846153846,0.49082452867467635,73.6,71.01,71.97,15.692527472527471,0.9098322109128978,21.83,14.44,15.62,12.179780219780218,0.8334506291076585,13.23,6.21,12.27,13.952187912087913,0.6420880849636278,15.51,12.2799,13.9207,17149.186813186814,163592.81573521448,1560576,0,0.0,0.0010150439560439562,0.0004248282767343349,0.004153,0.000507,0.00099,1920000.0,0.0,1920000,1920000,1920000.0,7.389999999999999,0.03789999999999999
113,hallway,2.0,145120484.74725273,194416.40882980832,145645731,144745576,145100984.0,0.16493626373626374,0.01216315489485918,0.1848,0.1466,0.1623,0.2744098901098901,0.005824909249556407,0.2893,0.2686,0.273,-2233977.758241758,172588.70596641925,-1856369,-2702337,-2211602.0,40.0,0.0,40.0,40.0,40.0,0.9,0.0,0.9,0.9,0.9,4025.3406593406594,21.959669993583972,4050,4006,4006.0,72.01351648351648,0.3710207350491159,73.35,71.07,71.97,15.653736263736263,0.8458114425431925,21.14,14.3,15.59,12.17142857142857,0.7994742319919058,13.15,6.55,12.28,13.944028571428571,0.4849069111777398,15.1552,12.8923,13.9088,0.0,0.0,0,0,0.0,0.0009791538461538462,0.00040733114901424493,0.003885,0.000407,0.000976,1920000.0,0.0,1920000,1920000,1920000.0,6.84,0.038199999999999984
114,hallway,0.0,144092166.47252747,201496.00847231882,144541916,143702956,144062812.0,0.14293736263736265,0.014900459712159869,0.1756,0.1216,0.1394,0.3011263736263736,0.0012672661006921137,0.3043,0.2999,0.3007,-2388719.824175824,199446.88174246036,-2020069,-2929393,-2396177.0,47.0,0.0,47.0,47.0,47.0,0.84,0.0,0.84,0.84,0.84,3954.4285714285716,10.947493733617986,3967,3945,3945.0,72.0021978021978,0.24716527173264408,73.54,71.53,72.01,15.698021978021977,0.673805477666827,20.68,14.51,15.65,12.163296703296702,0.7311529023019514,13.23,6.26,12.21,13.867399999999998,0.3783840832334847,14.7757,12.7448,13.8668,675.1648351648352,6440.662036819466,61440,0,0.0,0.0009511758241758241,0.0003493721541217932,0.003701,0.000526,0.000889,1920000.0,0.0,1920000,1920000,1920000.0,6.17,0.054000000000000006
115,hallway,0.0,144271571.0,209438.46673809885,144725908,143864164,144239204.0,0.13842307692307693,0.011328038733093293,0.1615,0.1243,0.1368,0.29834835164835166,0.00216062555948565,0.3009,0.2928,0.2983,-2381761.4725274723,189746.35690769117,-2048634,-2954662,-2360287.0,46.0,0.0,46.0,46.0,46.0,0.83,0.0,0.83,0.83,0.83,3951.4835164835163,2.267463768484973,3962,3951,3951.0,72.00296703296704,0.2899635781936696,73.48,71.39,72.0,15.708791208791208,0.7678003721524312,21.73,14.7,15.55,12.13912087912088,0.801421859158456,13.14,5.71,12.28,13.914380219780218,0.322434897208303,14.9878,13.0048,13.9488,0.0,0.0,0,0,0.0,0.0009505494505494505,0.0003873493474525509,0.004132,0.000456,0.000888,1920000.0,0.0,1920000,1920000,1920000.0,7.030000000000001,0.03720000000000001
116,hallway,1.0,145240464.94444445,213984.2641029768,145693598,144796414,145220424.0,0.15472555555555556,0.009625032451264271,0.1663,0.1384,0.15689999999999998,0.31044777777777777,0.0016940230539652015,0.3145,0.3081,0.31,-2392897.277777778,209686.6809624167,-1972827,-2896067,-2419249.0,45.766666666666666,0.4253220854887453,46.0,45.0,46.0,0.8300000000000001,0.0,0.83,0.83,0.83,3950.766666666667,0.4253220854888283,3951,3950,3951.0,72.00111111111111,0.4173900836119952,73.33,71.13,71.965,15.758000000000001,0.8175438688707112,21.12,14.55,15.695,12.18488888888889,0.7880045121134213,13.33,6.75,12.21,13.926776666666667,0.5393846604431277,15.0273,12.9408,13.910599999999999,682.6666666666666,6476.344648024841,61440,0,0.0,0.0010167555555555556,0.00038390015998167744,0.003822,0.000434,0.000971,1920000.0,0.0,1920000,1920000,1920000.0,6.57,0.027900000000000008
117,hallway,1.0,145318710.76923078,208927.74993314635,145779792,144904840,145293385.0,0.14881098901098902,0.010864759040631736,0.166,0.1315,0.141,0.31512527472527474,0.001835791891291542,0.3178,0.3117,0.3152,-2374936.153846154,157835.29364568784,-2050832,-2774848,-2381528.0,46.0,0.0,46.0,46.0,46.0,0.8199999999999998,0.0,0.82,0.82,0.82,3940.6703296703295,10.63438338081316,3947,3923,3947.0,71.99978021978022,0.3885442289194595,73.98,71.13,71.99,15.605934065934067,0.8336692363308102,21.48,14.46,15.58,12.247472527472528,0.7628376751847795,13.28,7.39,12.35,13.906113186813187,0.4968625600726558,15.049,12.8378,13.9344,16924.13186813187,161445.9283896079,1540096,0,0.0,0.0009627362637362637,0.0004088641946543249,0.003962,0.000468,0.000934,1920000.0,0.0,1920000,1920000,1920000.0,7.02,0.0345
118,hallway,2.0,144989310.97777778,212932.3000557409,145450958,144561768,144964707.0,0.15452666666666667,0.007807469773855217,0.1663,0.1413,0.1555,0.26555666666666666,0.003631666284228198,0.2723,0.2589,0.26539999999999997,-2332230.888888889,189351.02874513637,-1950487,-2849924,-2301509.0,47.0,0.0,47.0,47.0,47.0,0.81,0.0,0.81,0.81,0.81,3934.777777777778,0.9804582484878736,3936,3934,3934.0,71.99833333333333,0.39104656465737847,73.58,71.19,71.985,15.694333333333333,0.8561214473334197,21.47,14.39,15.645,12.194111111111111,0.8182399505824001,13.28,6.24,12.235,13.860764444444445,0.5031736705815816,15.0069,12.6081,13.8902,682.6666666666666,6476.344648024841,61440,0,0.0,0.0009864666666666666,0.0004026577212092649,0.003997,0.000445,0.000955,1920000.0,0.0,1920000,1920000,1920000.0,7.079999999999998,0.024999999999999994
119,hallway,2.0,145339620.31111112,211257.927632219,145799533,144916832,145314716.0,0.15378,0.006983804700153603,0.1646,0.1356,0.15225,0.28362,0.017424844719054026,0.313,0.263,0.27965,-2328076.3333333335,162595.820171479,-2107596,-2771552,-2296565.0,46.55555555555556,0.4996877926639088,47.0,46.0,47.0,0.8,0.0,0.8,0.8,0.8,3939.1111111111113,7.99500468262218,3948,3932,3932.0,71.99811111111111,0.4229242619380326,73.14,71.07,72.00999999999999,15.769666666666666,0.9133866478875892,22.18,14.48,15.69,12.052222222222223,0.7799190072870326,13.28,6.36,12.05,13.998972222222223,0.5935701022612048,15.0944,12.1288,14.1288,17203.2,163203.88513022597,1548288,0,0.0,0.0010720222222222221,0.0004062941033008339,0.004143,0.000421,0.0010425,1920000.0,0.0,1920000,1920000,1920000.0,7.699999999999999,0.028999999999999998
120,kitchen,0.0,145646293.68131867,292053.8213988976,146203932,144996532,145589980.0,0.14612417582417583,0.007104073020447726,0.157,0.1342,0.1448,0.31848351648351647,0.001692156003857753,0.322,0.3167,0.3176,-2498537.4505494507,177720.35304446792,-2113821,-3034498,-2495789.0,50.51648351648352,0.5024968184009198,51.0,50.0,51.0,0.72,0.0,0.72,0.72,0.72,3811.054945054945,13.567414096824834,3825,3798,3798.0,72.00329670329671,0.3082208982209388,73.91,71.36,71.96,16.232857142857142,0.921079421975815,23.58,14.59,16.18,11.649230769230769,0.9528439662041335,13.4,3.84,11.83,13.888093406593406,0.29802551673088445,14.5476,13.2293,13.8739,0.0,0.0,0,0,0.0,0.001202901098901099,0.0004609136350757905,0.005077,0.000404,0.001115,1920000.0,0.0,1920000,1920000,1920000.0,8.989999999999998,0.022799999999999987
121,kitchen,0.0,145484927.75824177,278771.6760628731,146035604,144977332,145425876.0,0.14197032967032966,0.008576485870687956,0.1572,0.1279,0.1415,0.3228626373626374,0.0026650265102559005,0.326,0.3185,0.3239,-2541530.087912088,200307.008599114,-2122611,-2859079,-2555849.0,51.0,0.0,51.0,51.0,51.0,0.71,0.0,0.71,0.71,0.71,3799.296703296703,18.60137062183825,3818,3781,3781.0,72.00395604395604,0.40105106109067246,74.2,70.66,72.01,15.595274725274725,0.8530134044268403,21.82,14.54,15.42,12.205824175824176,0.8357565646819866,13.15,5.66,12.26,13.956212087912089,0.3690823475820855,14.9304,12.6535,13.9608,0.0,0.0,0,0,0.0,0.0009297362637362637,0.0004082552805718185,0.004235,0.000432,0.000859,1920000.0,0.0,1920000,1920000,1920000.0,7.280000000000001,0.029299999999999993
122,kitchen,1.0,146373957.8791209,275207.0196520871,146920192,145860580,146325128.0,0.15602637362637362,0.00920046901177489,0.173,0.1438,0.1543,0.3351956043956044,0.004225607440564961,0.343,0.3294,0.335,-2504505.6923076925,194355.37810377113,-2151542,-3079910,-2517762.0,51.0,0.0,51.0,51.0,51.0,0.71,0.0,0.71,0.71,0.71,3814.1758241758243,4.958927766258362,3820,3810,3810.0,72.01450549450549,0.356820103246141,72.95,71.34,72.0,15.780109890109891,0.8463824910306934,21.55,14.44,15.65,12.127252747252747,0.7955530095251926,13.36,6.7,12.25,13.919776923076922,0.45589495989924955,14.8322,13.0365,13.8934,0.0,0.0,0,0,0.0,0.0010297802197802197,0.0003885624160414272,0.003896,0.000299,0.000991,1920000.0,0.0,1920000,1920000,1920000.0,7.110000000000001,0.029199999999999976
123,kitchen,1.0,146478656.7912088,282666.0151164191,147120659,145934230,146424050.0,0.15853626373626373,0.01042610523300386,0.178,0.1413,0.1552,0.3341538461538462,0.004497364850475297,0.3424,0.3284,0.3313,-2514671.241758242,198427.5695756984,-2132865,-3113602,-2475647.0,50.0,0.0,50.0,50.0,50.0,0.7,0.0,0.7,0.7,0.7,3820.065934065934,4.289009722022677,3826,3817,3817.0,72.01307692307692,0.39178137981870587,73.63,71.23,71.96,15.813076923076924,0.7943308746747407,20.85,14.55,15.78,12.067032967032967,0.7388421790665213,13.21,7.27,12.17,13.958446153846152,0.5505847342815923,15.2239,12.9034,14.037,0.0,0.0,0,0,0.0,0.0010788241758241757,0.00036446062410107696,0.003641,0.000457,0.001028,1920000.0,0.0,1920000,1920000,1920000.0,6.300000000000001,0.03669999999999998
124,kitchen,2.0,146124364.67032966,275875.05292629567,146673192,145612442,146075944.0,0.15723846153846155,0.00487569412108606,0.1666,0.1516,0.154,0.3100428571428571,0.017308367551608903,0.3423,0.2825,0.3077,-2510618.7252747254,199785.241362545,-2064015,-2969311,-2497620.0,49.67032967032967,0.47269781408762973,50.0,49.0,50.0,0.69,0.0,0.69,0.69,0.69,3809.0,15.214028613969088,3818,3783,3818.0,72.01087912087912,0.3361932260261733,72.68,70.8,72.0,15.674725274725276,0.8482836798295728,21.58,14.2,15.67,12.25098901098901,0.7778632483998928,13.29,6.85,12.3,13.976145054945054,0.5310143551656034,16.1247,13.0204,13.9267,0.0,0.0,0,0,0.0,0.00099410989010989,0.00039005245945041944,0.003811,0.000313,0.000989,1920000.0,0.0,1920000,1920000,1920000.0,7.379999999999999,0.014999999999999986
125,kitchen,2.0,146436758.2087912,288288.38080469664,147001416,145850354,146376936.0,0.15655494505494505,0.014427837781611726,0.177,0.1327,0.1577,0.2935736263736264,0.0090394915683576,0.3083,0.2794,0.2954,-2479727.4615384615,198839.52810251046,-2070974,-3002271,-2486267.0,50.0,0.0,50.0,50.0,50.0,0.68,0.0,0.68,0.68,0.68,3801.131868131868,5.281432447123233,3805,3794,3805.0,72.01637362637362,0.3877671594699186,73.32,71.25,71.93,15.740219780219778,0.946728845401632,22.21,14.56,15.63,12.18164835164835,0.8888960240861365,13.1,6.43,12.42,13.817284615384617,0.5097358320025682,15.1138,12.5039,13.7782,0.0,0.0,0,0,0.0,0.0010206923076923077,0.00043990841704224696,0.004215,0.000517,0.000977,1920000.0,0.0,1920000,1920000,1920000.0,7.65,0.04429999999999998
126,hallway,0.0,143691608.69230768,201419.01429588135,144133508,143297563,143662852.0,0.16277472527472528,0.020115331871798085,0.1892,0.1354,0.1511,0.35583956043956044,0.014449305089948732,0.3692,0.3153,0.361,-2616609.208791209,214001.44170737182,-2102469,-3151323,-2631656.0,36.0,0.0,36.0,36.0,36.0,0.56,0.0,0.56,0.56,0.56,3641.3846153846152,15.60040542975247,3648,3605,3648.0,72.01043956043956,0.3478598443431942,74.04,71.36,71.97,15.794835164835163,1.0273908297098615,23.93,14.41,15.64,12.082307692307692,0.9894791861525232,12.95,4.17,12.23,13.863861538461538,0.2759284076910896,14.6618,13.1738,13.891,0.0,0.0,0,0,0.0,0.000983901098901099,0.0005042009972872384,0.005154,0.000495,0.000897,1920000.0,0.0,1920000,1920000,1920000.0,9.52,0.053800000000000014
127,hallway,0.0,143840428.07692307,199008.14823604684,144285116,143449244,143806172.0,0.14357802197802197,0.01316211568773383,0.1696,0.1267,0.1365,0.35504505494505495,0.014603905594328543,0.3653,0.3034,0.3588,-2586913.2747252746,170800.07490429436,-2242731,-2978101,-2581851.0,35.0,0.0,35.0,35.0,35.0,0.56,0.0,0.56,0.56,0.56,3643.6263736263736,6.457808970796223,3655,3640,3640.0,72.0056043956044,0.35164125908598287,73.97,71.1,71.96,15.62131868131868,0.8104185596087008,21.67,14.44,15.68,12.172307692307694,0.7126072268992644,13.28,6.4,12.2,13.95537912087912,0.3210790216049221,14.6122,13.4048,13.9157,675.1648351648352,6440.662036819466,61440,0,0.0,0.0009151098901098901,0.0003802497556591938,0.004039,0.000511,0.000891,1920000.0,0.0,1920000,1920000,1920000.0,7.230000000000002,0.042899999999999994
128,lab,0.0,144929727.43333334,273424.85468363046,145520564,144414268,144897872.0,0.14813666666666667,0.011056915574538502,0.1695,0.1261,0.14725,0.28575333333333336,0.0023688616713471193,0.2899,0.282,0.2858,-2550205.033333333,197015.98753488815,-2191460,-3091629,-2534242.0,47.51111111111111,1.9501912579467127,50.0,46.0,46.0,0.45999999999999996,0.0,0.46,0.46,0.46,3634.4222222222224,13.651338805626498,3645,3617,3645.0,72.00155555555556,0.3403729319936548,73.74,71.34,71.99000000000001,15.600777777777777,0.916421015774033,22.02,14.42,15.41,12.192444444444444,0.9019209351619437,13.21,5.67,12.36,14.014335555555554,0.35457171611349014,15.1841,13.2461,13.9758,0.0,0.0,0,0,0.0,0.0009343777777777779,0.0004467959989404152,0.004272,0.000392,0.000817,1920000.0,0.0,1920000,1920000,1920000.0,7.6,0.04340000000000002
129,lab,0.0,145065955.34065935,244371.04541984588,145587092,144602124,145019284.0,0.14277362637362637,0.009295444943804276,0.1549,0.1286,0.1403,0.281756043956044,0.0002526344707757945,0.2823,0.2814,0.2817,-2542061.3076923075,188036.49532031998,-2163627,-2980298,-2511170.0,45.0,0.0,45.0,45.0,45.0,0.45,0.0,0.45,0.45,0.45,3621.956043956044,17.58529188960166,3648,3610,3610.0,72.00241758241758,0.23846425615844713,73.58,71.41,72.01,15.783076923076923,0.763913451042564,21.79,14.37,15.73,12.184395604395604,0.7445911761067407,13.47,7.05,12.2,13.838638461538462,0.34743713252879166,14.4794,12.7898,13.8672,0.0,0.0,0,0,0.0,0.0009707142857142857,0.0003930813680458054,0.004083,0.00029,0.000938,1920000.0,0.0,1920000,1920000,1920000.0,7.42,0.026300000000000018
130,lab,0.0,144765313.8901099,303530.17457212374,145329419,144284716,144787068.0,0.1760098901098901,0.026177369594301822,0.2211,0.1395,0.1588,0.35414395604395604,0.014898107327899134,0.3638,0.3055,0.3599,-2790129.054945055,189565.3671391693,-2424376,-3219806,-2807076.0,50.0,0.0,50.0,50.0,50.0,0.38,0.0,0.38,0.38,0.38,3580.285714285714,6.2845236967681295,3585,3572,3585.0,72.00296703296704,0.3681319042151861,73.33,70.99,71.96,15.732747252747254,0.8764106925840779,20.55,14.45,15.61,12.119670329670331,0.8678574518759149,13.5,7.19,12.2,13.90037032967033,0.37172177932023465,14.9655,13.2122,13.87,0.0,0.0,0,0,0.0,0.000974934065934066,0.0004243325164223036,0.003497,0.000355,0.000907,1920000.0,0.0,1920000,1920000,1920000.0,6.100000000000001,0.08159999999999998
131,lab,0.0,144752174.1208791,301944.6968678535,145269668,144273348,144776404.0,0.1648868131868132,0.02792492796684714,0.2206,0.1278,0.1543,0.3541802197802198,0.014169475955025596,0.3624,0.3015,0.3577,-2733055.054945055,206644.74562034482,-2219293,-3295613,-2709295.0,48.472527472527474,0.5020106094642339,49.0,48.0,48.0,0.37,0.0,0.37,0.37,0.37,3567.3516483516482,15.562328893391621,3582,3551,3582.0,72.00384615384615,0.4066059223232945,73.54,71.22,72.0,15.67010989010989,0.8490877385700417,21.19,14.26,15.67,12.091098901098901,0.7332703769179861,13.41,6.72,12.16,13.985846153846154,0.43114439687564643,14.9866,13.1174,13.9268,675.1648351648352,6440.662036819465,61440,0,0.0,0.0009711098901098901,0.0003770254766089555,0.003795,0.000285,0.000911,1920000.0,0.0,1920000,1920000,1920000.0,6.9300000000000015,0.0928
132,kitchen,0.0,144980555.5054945,318556.29412563646,145564948,144386012,144954820.0,0.1502824175824176,0.01262585172842339,0.1793,0.1385,0.145,0.3356362637362637,0.011057561681024923,0.3439,0.3011,0.3393,-2742089.769230769,187892.00367185372,-2411924,-3397422,-2752875.0,52.0,0.0,52.0,52.0,52.0,0.28,0.0,0.28,0.28,0.28,3550.7912087912086,2.1526029902653607,3552,3547,3552.0,72.00285714285714,0.25993711083125853,73.02,71.45,71.99,15.746373626373627,0.7607007244544941,21.22,14.5,15.64,12.086373626373625,0.7058383769729545,13.1,6.57,12.22,13.962696703296702,0.295197796758772,14.6889,13.2838,13.9776,0.0,0.0,0,0,0.0,0.0009702747252747253,0.00036543490272806194,0.003838,0.000387,0.000918,1920000.0,0.0,1920000,1920000,1920000.0,6.719999999999999,0.040799999999999975
133,kitchen,0.0,145063982.2222222,280844.07230266125,145607812,144521140,145002964.0,0.15076222222222221,0.011548691037046732,0.1738,0.1387,0.1478,0.33666555555555555,0.01461308603258584,0.3457,0.2884,0.3425,-2750075.722222222,227770.37327906824,-2339779,-3439904,-2758185.5,49.0,0.0,49.0,49.0,49.0,0.27,0.0,0.27,0.27,0.27,3563.6666666666665,3.792363705119745,3565,3553,3565.0,71.99888888888889,0.29541988569478517,72.72,71.5,72.005,15.69877777777778,0.784567193043082,21.41,14.39,15.65,12.138555555555556,0.7326856264565178,13.37,6.64,12.23,13.935308888888889,0.4001156578982895,15.3382,12.9314,13.862950000000001,0.0,0.0,0,0,0.0,0.0009614222222222221,0.0003724640387672097,0.003944,0.000374,0.0009029999999999999,1920000.0,0.0,1920000,1920000,1920000.0,7.02,0.03510000000000002
