room_label,noise_type,location,TotalUsedMem_mean,TotalUsedMem_std,TotalUsedMem_max,TotalUsedMem_min,TotalUsedMem_median,CpuUtil_mean,CpuUtil_std,CpuUtil_max,CpuUtil_min,CpuUtil_median,GpuUtil_mean,GpuUtil_std,GpuUtil_max,GpuUtil_min,GpuUtil_median,BatteryMicroAmps_mean,BatteryMicroAmps_std,BatteryMicroAmps_max,BatteryMicroAmps_min,BatteryMicroAmps_median,BatteryVoltageMv_mean,BatteryVoltageMv_std,BatteryVoltageMv_max,BatteryVoltageMv_min,BatteryVoltageMv_median,AvgFPS_mean,AvgFPS_std,AvgFPS_max,AvgFPS_min,AvgFPS_median,MainThreadMs_mean,MainThreadMs_std,MainThreadMs_max,MainThreadMs_min,MainThreadMs_median,FrameTimeStdDev_mean,FrameTimeStdDev_max
kitchen,0.0,Floor3Kitchen,144708451.8021978,316441.72262598376,145288860,144146996,144658268.0,0.1472802197802197,0.0093614958417768,0.1579,0.1309,0.1527,0.271165934065934,0.0015367512471459,0.2744,0.2685,0.2714,-2309974.461538461,154897.46971266065,-1962572,-2699773,-2297664.0,4060.252747252747,12.102886163219726,4066,4030,4066.0,72.00571428571428,0.2236770631321609,73.52,71.42,71.98,13.862727472527473,0.2769393307270399,14.6846,13.2466,13.8705,0.0009457692307692,0.005003
kitchen,0.0,Floor3Kitchen,144682141.30769232,291899.83377683925,145246284,144150556,144606876.0,0.1418967032967032,0.008996387553401,0.16,0.1287,0.1386,0.320032967032967,0.0010508255955364,0.3224,0.3188,0.3197,-2366879.340659341,196740.66749698817,-2002124,-2756904,-2381162.0,4049.6593406593406,14.4208335251617,4058,4025,4058.0,72.00769230769231,0.2293714935454755,73.06,71.41,71.98,13.938167032967034,0.4184670317705766,14.8494,12.211,14.0058,0.0010158351648351,0.004085
kitchen,1.0,Floor3Kitchen,145612114.04395604,283809.7398960344,146180416,145040444,145551170.0,0.1644780219780219,0.0175518457541447,0.2077,0.1386,0.159,0.349065934065934,0.0054279773147036,0.3565,0.341,0.3507,-2366340.032967033,142545.21354242117,-2111624,-2697942,-2333553.0,4036.164835164835,11.978001814681974,4066,4010,4041.0,72.00912087912087,0.3516173689037192,73.11,71.16,72.01,13.885072527472529,0.5275922777772698,15.713,12.4924,13.9859,0.0009842307692307,0.004022
kitchen,1.0,Floor3Kitchen,145502612.52747253,299084.5961262805,146236278,144971954,145429482.0,0.1550142857142857,0.0097807244838289,0.169,0.14,0.1534,0.343078021978022,0.0012719890109415,0.3448,0.3412,0.3426,-2404636.186813187,160026.80570509372,-2105765,-2766059,-2370542.0,4009.4065934065934,11.953593622354266,4027,4000,4005.0,72.00692307692307,0.4511459293539621,74.18,71.06,72.0,13.879832967032968,0.5185042942187857,14.8583,12.8764,13.9139,0.0009763076923076,0.004039
kitchen,2.0,Floor3Kitchen,145471291.25274727,283096.34404844564,146028096,144926862,145424022.0,0.1524065934065934,0.0072561820722869,0.172,0.1382,0.1536,0.2913076923076923,0.0150933482830405,0.326,0.272,0.2877,-2369652.10989011,194878.58416628148,-1890061,-2786567,-2323299.0,3982.6153846153848,5.626858667279602,4002,3981,3981.0,72.01065934065934,0.3945146165375658,74.02,71.34,72.01,13.86094175824176,0.6018781694857698,15.1413,12.5083,13.8746,0.0010255824175824,0.003954
kitchen,2.0,Floor3Kitchen,145421554.0989011,298677.6344342709,145999960,144849062,145369416.0,0.1544175824175824,0.0105746929916727,0.1809,0.1448,0.1528,0.2957,0.0117815958172057,0.3207,0.2832,0.2915,-2351924.758241758,201650.62950428456,-1956347,-2851388,-2317806.0,4022.076923076923,7.038356451506759,4029,4015,4029.0,72.00175824175824,0.3379204160304727,73.21,71.2,72.02,13.951727472527471,0.4281962045256913,14.9179,13.2043,13.9228,0.0009752527472527,0.003627
conference,0.0,3310,144448232.3956044,301309.8246217734,145108486,143953132,144495212.0,0.1522560439560439,0.0097867053676711,0.1647,0.1334,0.1535,0.3325626373626373,0.0065214287519709,0.3353,0.3058,0.3341,-2522627.483516484,171051.7390700097,-2261408,-3074783,-2511170.0,3871.7582417582416,11.343466704417809,3887,3861,3864.0,72.00241758241758,0.3048509313649701,73.47,71.29,71.96,13.97068131868132,0.387472070939625,15.131,12.3235,14.0064,0.0010127692307692,0.003898
conference,0.0,3310,144625931.42857143,298192.6487727724,145150564,144133124,144674804.0,0.1421593406593406,0.0074627814001956,0.1558,0.1299,0.1433,0.3346032967032967,0.0023940876503702,0.3374,0.3302,0.3357,-2522703.9340659343,188072.64766755563,-2081594,-2992383,-2555483.0,3867.186813186813,2.403294442182065,3872,3866,3866.0,72.00472527472527,0.2592910876445013,73.61,71.56,71.98,13.890946153846151,0.3565599345934214,14.9353,13.1827,13.9022,0.0009533406593406,0.003993
conference,1.0,3310,145476463.94505495,303780.05427093105,146111131,144964632,145533836.0,0.1725736263736264,0.0143065706362483,0.1937,0.1446,0.1746,0.3210186813186813,0.0017319810165697,0.3225,0.3169,0.3218,-2464688.2527472526,203250.40494247447,-2014576,-2931957,-2430235.0,3877.3736263736255,4.909510841550013,3881,3870,3881.0,72.00076923076922,0.4703739192723412,74.57,71.05,72.03,13.864764835164836,0.5795526415307329,15.0681,12.6593,13.8939,0.0010503296703296,0.003703
conference,1.0,3310,145458436.7912088,299526.9028322609,146102493,144961632,145529656.0,0.165487912087912,0.009072116440131,0.1821,0.1475,0.1644,0.3131483516483516,0.0025476944975304,0.3159,0.3067,0.3138,-2487414.032967033,172544.76364252393,-2136161,-2848459,-2487732.0,3862.483516483516,2.2179201336318743,3863,3848,3863.0,72.01043956043956,0.2643857118677269,73.05,71.15,72.0,14.013425274725275,0.4698369527100524,15.3036,12.5218,14.0473,0.0009557692307692,0.003905
conference,2.0,3310,145439356.2197802,307740.20043185947,145985022,144913136,145498233.0,0.1573307692307692,0.0112987087984787,0.1692,0.1371,0.1615,0.3205802197802198,0.0194504396967165,0.3556,0.2927,0.3178,-2543473.912087912,215871.594048543,-2163261,-3258991,-2532777.0,3839.450549450549,11.866164536439802,3865,3834,3834.0,72.01274725274725,0.4356223286136892,73.36,71.04,71.97,13.977883516483516,0.5905532638060192,15.1046,12.5909,13.9016,0.0010178461538461,0.004137
conference,2.0,3310,145469921.54945055,319313.94866623404,146028264,144954304,145514272.0,0.1633197802197802,0.0098090119536432,0.1803,0.1427,0.165,0.3284835164835165,0.0190875833039659,0.3662,0.3021,0.3287,-2578152.076923077,191824.05948317624,-2220025,-3151323,-2585513.0,3827.538461538461,9.305085458211224,3843,3822,3822.0,72.00769230769231,0.5356202571123136,75.29,71.13,72.04,13.98057912087912,0.5869455268149742,15.4307,12.8194,13.9432,0.0010587362637362,0.00393
kitchen,0.0,CEEDKitchen,144762713.83516484,308132.12805222155,145330707,144292428,144698700.0,0.1505274725274725,0.011472014895524,0.1699,0.136,0.1472,0.3250824175824175,0.0017059108617193,0.3289,0.3226,0.3255,-2604841.8571428573,190662.7441618997,-2215997,-3029738,-2593203.0,3696.593406593407,3.2317110087314376,3714,3696,3696.0,72.00934065934067,0.297697841584391,73.63,71.35,72.01,13.889952747252746,0.2903264619702215,14.6542,13.2866,13.9081,0.0009525934065934,0.004803
kitchen,0.0,CEEDKitchen,144744343.18681318,303305.1774471721,145314276,144255940,144700091.0,0.1499582417582417,0.0051165106585134,0.1589,0.1403,0.1498,0.327543956043956,0.0107948671834885,0.3645,0.3227,0.3247,-2656752.4945054944,269877.19339804986,-2252619,-3587857,-2638981.0,3695.351648351648,2.1415136203350738,3697,3691,3697.0,71.98197802197802,1.112773531696783,76.64,63.26,71.97,13.89765164835165,0.627191453733341,15.1188,9.688,13.9841,0.0010846263736263,0.004003
kitchen,1.0,CEEDKitchen,146199356.58241758,308922.721302927,146765636,145700008,146157469.0,0.1672483516483516,0.0109691725874264,0.1866,0.1506,0.1667,0.3445131868131868,0.0025573079939311,0.3476,0.3376,0.3436,-2587227.076923077,164237.15800486875,-2314876,-3041823,-2559511.0,3709.021978021978,1.4296699073413006,3711,3708,3708.0,72.0043956043956,0.4343045751318575,73.94,70.86,72.01,13.904324175824176,0.511526778345563,14.955,12.7329,13.9146,0.0009917692307692,0.004276
kitchen,1.0,CEEDKitchen,146225219.75824177,338811.6009868874,147012851,145683712,146182738.0,0.163176923076923,0.0095816384231401,0.1765,0.1434,0.1623,0.3471274725274725,0.0020971444041874,0.3506,0.3442,0.3467,-2593412.527472528,154551.13437114455,-2274958,-2977368,-2565004.0,3696.2417582417584,0.4305205980534482,3697,3696,3696.0,72.00604395604395,0.3560021195969342,73.32,71.24,72.03,13.862954945054945,0.5206326079905603,15.2231,12.2746,13.8371,0.0010445934065934,0.004284
kitchen,2.0,CEEDKitchen,145959409.17582417,312471.17618487333,146541752,145402616,145934480.0,0.1674351648351648,0.0061030479384643,0.1771,0.1569,0.166,0.3154846153846153,0.0129609492371587,0.3377,0.2982,0.31,-2622939.5934065934,183857.0344548525,-2261042,-3031569,-2613712.0,3680.6703296703295,1.983571106503158,3683,3679,3679.0,72.00901098901099,0.4220691226829369,73.5,71.04,72.01,13.905650549450549,0.5505304664843468,15.1586,12.7045,13.8913,0.0010380769230769,0.004346
kitchen,2.0,CEEDKitchen,146228728.4065934,313649.15770877653,146805688,145711272,146151474.0,0.1762758241758242,0.0232556198257508,0.2394,0.147,0.172,0.3220681318681319,0.0210317636980136,0.3649,0.2999,0.3145,-2623007.956043956,196887.3866436181,-2183403,-3140336,-2600528.0,3701.208791208792,12.83616114603724,3720,3686,3711.0,72.0143956043956,0.3207810218520803,72.98,71.21,72.02,13.895859340659342,0.5777403822898737,14.9968,12.6642,13.8836,0.0010201428571428,0.004203
conference,0.0,4218,145351263.57142857,319200.52129401104,145944676,144776260,145286884.0,0.1510999999999999,0.0051998076887515,0.159,0.1407,0.1518,0.3390252747252747,0.0041485095960033,0.3428,0.3116,0.3406,-2715681.758241758,188687.90788832825,-2304256,-3210650,-2703436.0,3570.5274725274726,0.8861986150679358,3572,3570,3570.0,72.00285714285714,0.3929441173565001,73.64,71.27,71.95,13.9411010989011,0.4331897168407362,14.9945,13.0104,13.9406,0.0009568571428571,0.004054
conference,0.0,4218,145432033.8791209,360345.54036528966,146122331,144799388,145442491.0,0.1530857142857142,0.0403389956670784,0.5235,0.1323,0.1518,0.3489593406593407,0.0281942625291111,0.4983,0.3374,0.3401,-2822714.6373626376,332707.9501435496,-2357724,-3932104,-2791695.0,3585.0,11.663809173869438,3601,3574,3578.0,72.03483516483517,0.4442055646191111,74.12,71.08,71.96,13.882998901098905,0.4638930177181669,14.8645,11.4063,13.8828,0.0010545824175824,0.004043
conference,1.0,4218,146333690.34065935,311972.8964958858,146919152,145743860,146272960.0,0.1578714285714285,0.0087195984325768,0.176,0.1472,0.1562,0.358210989010989,0.005000609975003,0.3646,0.3498,0.358,-2729626.395604396,210266.3511890933,-2260676,-3182085,-2739691.0,3589.021978021978,8.162213781918444,3595,3578,3595.0,71.99923076923078,0.4714663432531671,73.95,71.05,72.0,13.919608791208791,0.5643192929240505,15.2336,12.7694,13.8098,0.0009958021978021,0.003461
conference,1.0,4218,146290721.32967034,327794.6680852711,146920900,145683600,146242666.0,0.1565131868131868,0.0137590310446243,0.1873,0.1408,0.1541,0.3597923076923077,0.0030310332220485,0.3647,0.3549,0.3598,-2711158.340659341,185218.1316182637,-2251886,-3094192,-2700506.0,3572.065934065934,6.03287695843442,3578,3566,3578.0,72.00417582417583,0.3648045623924806,73.11,71.02,72.01,13.928653846153846,0.55291555620239,15.1886,12.6577,13.9238,0.0010136263736263,0.003859
conference,2.0,4218,145993488.51648352,308204.1066365821,146732551,145432068,145924152.0,0.1686131868131868,0.0099900862947135,0.1861,0.1473,0.165,0.3136054945054945,0.0114009976428709,0.3324,0.2923,0.3159,-2633044.89010989,200304.4290061977,-2289241,-3173296,-2610049.0,3578.4725274725274,3.62197202069272,3582,3573,3579.0,71.99978021978022,0.4764124684019514,74.34,71.01,72.0,13.957475824175823,0.548474996966976,14.9905,12.5747,13.9805,0.0010305384615384,0.004161
conference,2.0,4218,146043012.41111112,313334.76860146254,146656126,145469252,145983676.0,0.1685422222222222,0.0102637573094537,0.1929,0.1543,0.1708,0.3108533333333333,0.0111872740702815,0.3503,0.3002,0.308,-2638350.144444444,210406.3064678157,-2303523,-3293050,-2593935.5,3571.2,1.8432994355200896,3574,3570,3570.0,72.0,0.422523185987027,73.35,70.95,71.97,13.88967888888889,0.61012300960764,14.9469,12.6698,13.82345,0.0010292,0.003699
conference,0.0,4001,145338112.05555555,263327.1559719896,145803876,144886996,145372964.0,0.1604933333333333,0.0105932117335329,0.1859,0.1447,0.1594,0.3307188888888889,0.002124173041706,0.3341,0.3248,0.331,-2857325.2444444443,179223.51819335122,-2478576,-3216510,-2874460.0,3484.733333333333,4.765984341305971,3486,3467,3486.0,71.99933333333334,0.3687506998660274,73.99,70.81,72.015,13.905335555555554,0.4286163639965734,14.9285,12.9401,13.90715,0.0009953888888888,0.004218
conference,0.0,4001,145297908.62637362,266204.52177684515,145795132,144848620,145327196.0,0.1523571428571428,0.0101363278783365,0.1688,0.1352,0.153,0.3021747252747253,0.0104482597530943,0.3297,0.2927,0.2978,-2760936.10989011,205412.453013738,-2342343,-3201861,-2777046.0,3495.725274725274,5.354262962176245,3497,3471,3497.0,71.9989010989011,0.3550006276972564,73.5,71.04,72.0,13.985196703296705,0.4475693447079952,14.9828,13.1588,13.9045,0.0009554505494505,0.003637
conference,1.0,4001,146343064.74725273,285193.90282068355,146985251,145874878,146385316.0,0.1684087912087912,0.0093085701056326,0.1852,0.1514,0.1663,0.3529274725274725,0.015111210451803,0.3679,0.3239,0.3593,-2763133.4395604394,204906.3329921591,-2333553,-3136674,-2758002.0,3466.153846153846,14.51200505093243,3500,3460,3460.0,72.01208791208792,0.4547466119439273,73.21,71.09,72.06,13.871092307692306,0.5385507974041217,15.1663,12.8359,13.8823,0.0010092307692307,0.004082
conference,1.0,4001,146043663.76923078,295245.04173450544,146715061,145540012,146049208.0,0.1687582417582417,0.0105526622858253,0.1965,0.1512,0.1702,0.3442252747252747,0.0116365859197675,0.359,0.3227,0.3446,-2779440.263736264,210015.58983010103,-2469055,-3248737,-2787300.0,3467.8571428571427,5.596767774689865,3471,3458,3471.0,72.00857142857143,0.4634354118454708,73.17,70.91,72.0,13.936447252747252,0.5285153861611176,14.856,12.8341,13.9996,0.0010136043956043,0.004266
conference,2.0,4001,146144865.05555555,276023.9036553113,146639818,145698834,146160720.0,0.1701811111111111,0.0092686119398153,0.1881,0.1523,0.1684,0.3157111111111111,0.0090771406234357,0.3317,0.2987,0.31535,-2778233.8444444444,206747.46682099125,-2367978,-3289021,-2768989.0,3454.0,0.0,3454,3454,3454.0,71.99855555555555,0.4037591926420326,73.93,70.75,72.02,13.819496666666666,0.5827672053288017,14.9205,12.6148,13.7761,0.0010321777777777,0.003958
conference,2.0,4001,146037933.1098901,303875.02823817503,146665601,145554128,146022770.0,0.1724252747252747,0.0101148141456709,0.1962,0.1609,0.1726,0.3159065934065934,0.0055918949719472,0.3257,0.3057,0.3163,-2745124.318681319,208411.38448867472,-2330990,-3228961,-2730536.0,3473.285714285714,0.7037315505491158,3475,3473,3473.0,72.00527472527472,0.3701541440455442,73.15,71.04,71.96,14.034053846153846,0.5525528753597938,15.3899,12.6724,14.1584,0.0010374725274725,0.004456
conference,0.0,4211,144222785.7802198,177710.9236900568,144550324,143919604,144215252.0,0.1516593406593406,0.0124545750453574,0.1854,0.141,0.1472,0.3005560439560439,0.000749993894969,0.3019,0.2991,0.3006,-2308408.901098901,177825.5552570837,-2018604,-2967114,-2275691.0,4037.428571428572,12.976168632572165,4086,4034,4034.0,72.00626373626373,0.2944020242670755,73.28,70.82,71.97,13.849421978021978,0.3816354126365451,14.9552,12.9247,13.818,0.0009643516483516,0.004981
conference,0.0,4211,144081788.02197802,184245.3745302768,144501660,143774452,144084091.0,0.1407494505494505,0.0071418698707205,0.1488,0.1258,0.1429,0.2956846153846154,0.0019115975330087,0.2984,0.2937,0.2951,-2274088.846153846,171086.84218800973,-1905442,-2735297,-2272395.0,4091.142857142857,6.526137923035127,4098,4085,4085.0,72.01,0.3676381070805616,72.83,71.21,72.09,13.94204065934066,0.4501168453185908,15.0106,13.0996,13.9021,0.0009604615384615,0.003974
conference,1.0,4211,145033013.6153846,184324.857657382,145506595,144711184,145034709.0,0.1611560439560439,0.012594912630734,0.1842,0.1461,0.1567,0.3206,0.0023246505113672,0.3252,0.3161,0.3198,-2299724.3076923075,167269.20158572684,-1934007,-2862009,-2285579.0,4085.835164835165,3.012063656785877,4089,4083,4083.0,72.00351648351648,0.3869348886551937,74.52,70.95,71.99,13.92805824175824,0.4404166862985638,15.197,12.9686,13.8696,0.0010044395604395,0.003921
conference,1.0,4211,145048817.2857143,201773.024802797,145465630,144721022,145024484.0,0.1720428571428571,0.0257726433036493,0.2551,0.1543,0.1645,0.3213087912087912,0.0158618105198313,0.3752,0.3107,0.3177,-2393186.813186813,260572.2932386374,-2084158,-3516810,-2350033.0,4071.472527472528,1.3608874501641917,4072,4068,4072.0,72.02538461538462,0.4204185948216314,73.75,70.87,71.98,13.822782417582417,0.5490387813854333,15.1332,12.4552,13.8121,0.0010565714285714,0.003914
conference,2.0,4211,145082532.13186812,192830.79203932505,145500913,144719654,145070592.0,0.1583208791208791,0.0057122191928748,0.1688,0.1409,0.158,0.3314901098901099,0.0146606279609712,0.3565,0.3017,0.3317,-2355812.263736264,173477.48385634855,-2049733,-2944408,-2316707.0,4070.593406593407,0.4939190662005774,4071,4070,4071.0,72.01351648351648,0.423890377931668,73.58,71.06,71.96,13.933347252747254,0.5713584718974907,15.0082,12.7336,13.9244,0.001022978021978,0.004352
conference,2.0,4211,145030688.48351648,198631.040458058,145486972,144711956,145002858.0,0.1583725274725274,0.0103678248649267,0.1765,0.1424,0.156,0.3293472527472527,0.0019908870529568,0.3349,0.3263,0.329,-2308276.1428571427,159973.93340719066,-1977588,-2790596,-2279719.0,4058.2417582417584,11.81744535219098,4075,4050,4050.0,72.00582417582417,0.447320580876514,73.88,71.06,71.98,13.965485714285716,0.6044091962995173,15.2157,12.4794,13.9976,0.0010401648351648,0.003779
lab,0.0,privateeyelab,145132673.65934065,300148.36476687127,145670260,144645508,145169115.0,0.1576010989010988,0.0096033384762857,0.1711,0.1457,0.1608,0.2857252747252747,0.0070201233513473,0.3501,0.2826,0.285,-2403940.043956044,233744.43873246168,-2037281,-3183550,-2341976.0,3954.307692307693,3.424397133291614,3957,3950,3957.0,72.02868131868132,0.3224186677501738,73.32,71.45,72.03,13.857575824175823,0.4395780874481699,14.9277,12.3045,13.8741,0.0009904945054945,0.004165
lab,0.0,privateeyelab,146248856.35164836,317766.31637225783,146831864,145734352,146262420.0,0.1724318681318681,0.0058228644940227,0.1842,0.1572,0.1728,0.2907560439560439,0.0019847310924045,0.2945,0.2882,0.2899,-2377721.1208791207,192375.54649272375,-2038380,-2993848,-2312679.0,3944.934065934066,3.9237232822415695,3948,3921,3946.0,72.00879120879121,0.4350423610659731,73.92,71.22,72.02,13.920293406593403,0.4885461294726531,14.7604,12.9108,13.9985,0.0010416923076923,0.003918
lab,1.0,privateeyelab,146020375.6,316731.0743306208,146604199,145513432,146025096.0,0.17743,0.0121620560244381,0.2039,0.1605,0.1784,0.29419,0.0045335714026495,0.2988,0.2854,0.29595,-2373227.1333333333,181129.8095204192,-2047902,-2772651,-2335384.0,3933.3555555555554,3.412834701406754,3936,3929,3936.0,72.00322222222222,0.4928746855747411,73.54,71.02,72.02,13.86638,0.6400895871637856,15.4733,12.5081,13.80995,0.0010465888888888,0.004186
lab,1.0,privateeyelab,146119726.13186812,315490.2141879405,146680864,145598554,146149250.0,0.1731153846153846,0.0109470840671226,0.1914,0.1576,0.1744,0.2995186813186813,0.0054388297778905,0.3078,0.2925,0.3006,-2346363.043956044,161023.91239122162,-1985644,-2694646,-2322933.0,3927.307692307693,2.41151085740555,3928,3919,3928.0,72.01417582417582,0.4852767044207667,73.59,70.69,72.05,13.855074725274724,0.6667791269467485,15.3965,12.3175,13.9288,0.0010562197802197,0.004356
lab,2.0,privateeyelab,145992284.8777778,304543.6303133543,146545954,145512160,146010728.0,0.1673988888888888,0.0066331224440908,0.1763,0.1571,0.16715,0.2976722222222222,0.003881764563937,0.3042,0.291,0.2973,-2337618.3444444444,169603.04911672143,-2058156,-2765693,-2326778.0,3896.9,4.484805809181103,3902,3893,3893.0,71.99977777777778,0.4047914646304965,73.83,71.03,71.97999999999999,13.886522222222222,0.5095703267730476,14.9402,12.7393,13.8238,0.0010037444444444,0.003489
lab,2.0,privateeyelab,146063727.4888889,316878.5462480196,146628356,145552886,146072747.0,0.17193,0.0093226491147556,0.1836,0.1467,0.1709,0.3105988888888889,0.0202824299590482,0.3529,0.2943,0.3015,-2428025.933333333,221076.4307585995,-2067678,-2993116,-2411924.0,3900.222222222222,3.505301852003438,3907,3893,3901.0,71.99255555555555,0.3796377963657779,73.08,71.17,71.99,13.89823111111111,0.5857377818901415,15.738,12.5692,13.908,0.0010559666666666,0.00421
hallway,0.0,Floor4HallwayInFrontOf4214,144132369.46153846,201743.6455115664,144568500,143749972,144111924.0,0.1322758241758241,0.0071486803857517,0.1462,0.1183,0.1298,0.2585340659340659,0.002117557281409,0.2637,0.257,0.2577,-2388305.2967032967,181265.8383423206,-2089285,-2803414,-2365048.0,3811.978021978022,4.294642714354343,3816,3806,3814.0,72.00758241758243,0.2529881009908945,73.42,71.5,71.98,13.829686813186814,0.2639735231709552,14.5305,13.0401,13.8406,0.0008931428571428,0.003736
hallway,0.0,Floor4HallwayInFrontOf4214,144759213.13186812,181099.51631313397,145091748,144452836,144757732.0,0.1854296703296703,0.0098520104491474,0.2018,0.1704,0.1816,0.2589758241758242,0.0004177560849588,0.2594,0.2581,0.2592,-2578196.274725274,170389.74935685052,-2185234,-2970410,-2570131.0,3777.032967032967,7.876054496525767,3787,3768,3778.0,72.0021978021978,0.2190017868917566,73.46,71.4,71.98,14.072892307692308,0.2175692309898259,14.6892,13.5214,14.0452,0.0007384725274725,0.004917
hallway,1.0,Floor4HallwayInFrontOf4214,145116994.74725273,198753.79749499168,145537308,144726646,145092982.0,0.2064175824175824,0.0110112023100375,0.2261,0.1892,0.2046,0.2742736263736263,0.0039398487045072,0.2883,0.2696,0.2738,-2610934.824175824,196464.34803018157,-2214532,-3205523,-2591006.0,3789.4175824175823,4.802929508969719,3791,3775,3791.0,72.00846153846155,0.339437191299962,73.27,71.33,72.0,13.936527472527471,0.4720796717282968,14.7298,12.8167,13.9392,0.0008564395604395,0.003154
hallway,1.0,Floor4HallwayInFrontOf4214,144681976.53846154,248306.6935515957,145213907,144173368,144714470.0,0.202067032967033,0.0933890120290688,0.4404,0.1499,0.1622,0.2734395604395604,0.0036369058620047,0.2778,0.2668,0.2735,-2585307.5164835164,297195.12432333664,-2069509,-3492273,-2562441.0,3790.3846153846152,7.028148532499372,3797,3783,3797.0,72.01604395604396,0.5728231821831217,75.55,69.49,72.01,13.956858241758242,0.6286383431346648,17.2848,12.811,13.9394,0.0010135274725274,0.003814
hallway,2.0,Floor4HallwayInFrontOf4214,144653737.8791209,199286.5515655857,145078595,144200768,144631400.0,0.1457780219780219,0.0140824698133514,0.1787,0.1244,0.1428,0.279645054945055,0.0090431590318166,0.3026,0.2689,0.2774,-2489498.659340659,209428.7864784283,-2127005,-3013258,-2470886.0,3767.846153846154,17.61118525692828,3790,3754,3754.0,72.01054945054945,0.3534696675258091,72.92,70.89,72.01,13.91066153846154,0.5804474744672293,15.0189,12.4042,13.9469,0.000994934065934,0.004121
hallway,2.0,Floor4HallwayInFrontOf4214,144671724.53846154,204008.09328608363,145096032,144232564,144663524.0,0.1462802197802198,0.0083419584668272,0.1582,0.1356,0.1509,0.2894648351648352,0.0146046063785549,0.3109,0.2672,0.2938,-2512985.0659340657,244317.0268919645,-2043507,-3129349,-2466491.0,3755.703296703297,16.539175382839417,3777,3743,3743.0,72.01043956043956,0.3536473827224956,73.11,71.25,71.99,13.866774725274729,0.5125320149552518,14.9818,12.6623,13.9106,0.0009510879120879,0.003993
kitchen,0.0,Floor4Kitchen,144545023.4065934,269636.79280002246,145092596,143989595,144556660.0,0.2098813186813186,0.077715492395286,0.4098,0.1456,0.1963,0.348854945054945,0.0289173545114589,0.4306,0.3323,0.337,-2806178.395604396,277622.3556331265,-2335751,-3702484,-2826852.0,3621.285714285714,3.634054100636266,3627,3619,3619.0,72.00835164835165,0.5627102347592482,75.07,69.9,71.98,13.911886813186811,0.4915461737571426,16.5944,12.3031,13.9179,0.0010005384615384,0.003688
kitchen,0.0,Floor4Kitchen,144791865.7912088,299629.8432194282,145377268,144276027,144708628.0,0.1632164835164835,0.0226932308249558,0.1947,0.1368,0.1606,0.3320516483516483,0.0137361110672834,0.3426,0.2872,0.3359,-2771113.791208791,244077.68516703945,-2203179,-3404747,-2773750.0,3640.692307692308,7.004272200580421,3647,3633,3647.0,71.99879120879122,0.2764611090384042,73.62,71.42,71.97,13.856775824175823,0.3031930929807893,14.507,13.1613,13.8532,0.0009450989010989,0.003743
kitchen,1.0,Floor4Kitchen,145492834.2197802,299304.5612594145,146186795,145043696,145414080.0,0.1707725274725274,0.0094381738574326,0.1889,0.1531,0.1724,0.3400527472527472,0.0017079123487359,0.3427,0.3365,0.3398,-2650671.659340659,222537.06969892143,-2222589,-3090164,-2636051.0,3644.681318681319,7.686755016663804,3659,3640,3640.0,72.00153846153846,0.4367428001745115,72.99,71.22,72.01,13.944498901098902,0.546962523090427,15.2313,12.6952,13.9941,0.0010262527472527,0.003675
kitchen,1.0,Floor4Kitchen,145545084.56043956,309477.4251665801,146135900,144965414,145485500.0,0.1568670329670329,0.008432609388493,0.1725,0.1452,0.1556,0.3452142857142857,0.0043916479171913,0.3537,0.3393,0.3428,-2673494.010989011,235886.36722868145,-2318172,-3609098,-2596133.0,3621.098901098901,15.731818391085412,3648,3612,3612.0,71.9289010989011,0.9712620089913376,73.03,63.48,72.04,13.884153846153849,0.5238817424461134,14.8827,12.2618,13.8787,0.0011337912087912,0.004651
kitchen,2.0,Floor4Kitchen,145560499.30769232,333161.26194896275,146312517,144974532,145495560.0,0.1537780219780219,0.0061658702584433,0.1645,0.1437,0.1524,0.2816714285714286,0.0129480610793387,0.311,0.2651,0.2799,-2609687.274725274,217247.86480838296,-2161796,-3102982,-2613712.0,3644.901098901099,1.0006103143687142,3646,3644,3644.0,72.00934065934067,0.445485508425737,73.52,71.27,72.01,13.893937362637365,0.580535126059158,15.4436,12.868,13.8345,0.0010065054945054,0.004032
kitchen,2.0,Floor4Kitchen,145441390.07692307,319923.0838233448,146024336,144854184,145377124.0,0.1572912087912087,0.0104472819256349,0.1703,0.141,0.1575,0.2919461538461538,0.0155890510558055,0.3151,0.2683,0.293,-2581150.274725274,190888.5807451892,-2249323,-3100784,-2526185.0,3649.967032967033,16.852596601414366,3658,3615,3658.0,72.02065934065934,0.4030599685125502,73.16,71.19,71.99,13.909156043956044,0.53098340175121,15.0458,12.8997,13.8713,0.0010567032967032,0.00429
hallway,0.0,InFrontOfCEEDHallway,143779791.32967034,185270.56940611987,144166100,143425332,143769044.0,0.1361472527472527,0.0082998305291847,0.1482,0.122,0.1386,0.2581615384615384,0.0032873416896658,0.2655,0.2536,0.2576,-2505431.340659341,192601.78887211363,-2059255,-2877390,-2519593.0,3593.0,7.389181280764036,3596,3575,3596.0,72.00857142857143,0.2696646947953084,73.18,71.45,71.99,13.948105494505493,0.2656981116324137,14.601,13.4844,13.9217,0.0009648131868131,0.004049
hallway,0.0,InFrontOfCEEDHallway,143798445.7912088,199810.6448280599,144178340,143435524,143781620.0,0.1396648351648351,0.0079786294231858,0.1539,0.1245,0.14,0.2551571428571428,0.0021211183034293,0.2615,0.2518,0.2556,-2544117.8021978023,187159.78089650325,-2230646,-3038893,-2529481.0,3590.131868131868,2.4322316739469345,3592,3587,3592.0,72.00857142857143,0.2774469776314482,73.36,71.43,72.0,13.979010989010987,0.367931211400099,14.8316,12.7788,13.9513,0.0009372417582417,0.003744
hallway,1.0,InFrontOfCEEDHallway,144788863.7912088,190534.9444028434,145188072,144403826,144773654.0,0.1468241758241758,0.008614939745186,0.1602,0.1307,0.1499,0.2725934065934066,0.0024366553669506,0.2811,0.2697,0.2726,-2530511.340659341,191467.21072034008,-2119315,-3103348,-2501282.0,3594.5494505494507,6.890031021159059,3599,3584,3599.0,72.01989010989011,0.4089430672287192,73.27,71.07,72.02,13.979757142857142,0.5185105708003899,15.4192,13.164,13.9263,0.0010214395604395,0.00472
hallway,1.0,InFrontOfCEEDHallway,144714395.64835164,185625.14716446347,145290266,144325608,144693612.0,0.1487505494505494,0.0099285936525256,0.1566,0.1268,0.1525,0.2732373626373626,0.0032855795481212,0.2789,0.2671,0.2732,-2602632.5384615385,206798.607123845,-2189995,-3109574,-2591006.0,3563.725274725274,3.326880200447699,3581,3563,3563.0,72.00780219780219,0.3037279564851947,72.68,71.25,72.06,13.879351648351648,0.5285096509920111,16.0829,12.8004,13.9331,0.0009553846153846,0.003616
hallway,2.0,InFrontOfCEEDHallway,144700742.8021978,188732.84185361257,145087600,144329652,144691012.0,0.1495450549450549,0.0158120577319705,0.1799,0.1223,0.1462,0.2827637362637362,0.0216364225656827,0.321,0.2569,0.2774,-2640172.021978022,226664.6297535917,-2251886,-3216876,-2617008.0,3552.912087912088,0.2847358092592769,3553,3552,3553.0,72.01681318681318,0.3674079752381822,72.9,71.18,72.03,13.869593406593408,0.5081369082359589,14.9882,12.6594,13.8867,0.0010035384615384,0.004236
hallway,2.0,InFrontOfCEEDHallway,145374830.68131867,200709.12690685643,145790464,144966366,145344790.0,0.1572472527472527,0.0126101223948535,0.1766,0.1321,0.1594,0.2743714285714286,0.0063390375314708,0.2843,0.2641,0.2749,-2623249.5494505493,236185.19721637768,-2160331,-3124589,-2599429.0,3563.428571428572,2.9856801091685217,3566,3560,3566.0,72.01362637362637,0.434671054383571,73.44,71.17,71.98,13.956751648351648,0.5054304142373526,14.9461,12.4489,14.0386,0.0010241648351648,0.004512
lab,0.0,3215,144999765.73626372,276626.1959037472,145651767,144507852,144924780.0,0.1444637362637362,0.014131159553613,0.1713,0.1202,0.1466,0.2872846153846154,0.0014586083989674,0.2902,0.2849,0.2872,-2448333.164835165,199285.5450987777,-2129935,-3116532,-2412657.0,3908.263736263736,0.6804437250821891,3910,3908,3908.0,72.01274725274725,0.3949010169483151,74.2,71.16,72.0,13.96505054945055,0.4726994279604527,14.9115,13.0426,13.9694,0.0009511868131868,0.004865
lab,0.0,3215,145818378.30769232,274324.18343228864,146512355,145364872,145785660.0,0.164043956043956,0.0088225998787357,0.1826,0.1508,0.161,0.2980868131868132,0.0016959565502302,0.3008,0.2953,0.2976,-2393693.9340659343,166655.34938341068,-1998828,-2765327,-2369443.0,3909.56043956044,5.346252667281893,3960,3909,3909.0,72.00692307692307,0.4119268875465178,73.7,71.25,72.0,13.935901098901098,0.4513751670652958,15.1111,12.9782,13.8681,0.0010311208791208,0.004575
lab,1.0,3215,145764999.5054945,309478.20400450926,146472207,145138200,145777407.0,0.1762461538461538,0.0462763854050188,0.3874,0.156,0.165,0.3054406593406593,0.012903608263858,0.361,0.2957,0.3063,-2434444.978021978,258378.34502437088,-1944628,-3397789,-2411192.0,3920.076923076923,12.235858748622949,3941,3913,3913.0,72.03857142857143,0.5263344340891407,73.92,71.06,71.98,13.922602197802195,0.6093014369802741,15.8808,12.6743,13.9759,0.0010457032967032,0.003993
lab,1.0,3215,145770242.57142857,295890.79214123974,146520885,145193550,145721032.0,0.1601945054945055,0.008438093026236,0.1783,0.1509,0.1551,0.3542461538461539,0.0039867086868552,0.3584,0.3413,0.3555,-2466306.10989011,210090.3010117554,-2060353,-2956494,-2463195.0,3885.472527472528,10.27222864419739,3896,3871,3892.0,72.00934065934067,0.4814764380938703,73.86,70.88,72.04,13.915504395604396,0.5385666410662221,15.327,12.937,13.8486,0.001012956043956,0.004161
lab,2.0,3215,145723393.4945055,296835.5319580432,146471875,145176650,145665790.0,0.1599395604395604,0.0133018952627968,0.1865,0.1401,0.1552,0.3024362637362637,0.00763162304688,0.3151,0.2894,0.3038,-2409920.274725274,215050.2002737484,-2055592,-3064895,-2432799.0,3824.307692307693,13.95205465369986,3869,3820,3820.0,72.00681318681319,0.486337512252732,74.3,70.64,72.0,13.976446153846156,0.5129188860082378,15.6636,12.818,13.9976,0.001011978021978,0.003972
lab,2.0,3215,145723466.42222223,312173.1787538245,146375475,145134298,145665026.0,0.1628333333333333,0.0123202582783375,0.1815,0.1375,0.16595,0.3092222222222222,0.0059110214668468,0.3205,0.2999,0.308,-2401507.511111111,203465.63698759928,-1987842,-2966015,-2383908.5,3875.777777777778,6.495941304631131,3883,3870,3870.0,72.00244444444445,0.4220317659674969,73.43,70.78,71.955,13.93787888888889,0.4616607406277405,15.2413,13.1388,13.9729,0.0009981333333333,0.003428
lab,0.0,4214,144713842.47777778,280446.5129162489,145213108,144254116,144746260.0,0.1546044444444444,0.0099039081051525,0.1766,0.1351,0.1549499999999999,0.2955488888888888,0.0027562082912615,0.3023,0.2928,0.2942,-2517684.6333333333,181027.04318263705,-2044972,-2982129,-2528199.0,3781.511111111111,5.831422908140158,3784,3768,3784.0,71.99877777777778,0.3439716077183621,73.34,71.08,72.05,13.972838888888887,0.3620179484328303,14.8039,13.2874,14.0123,0.0010034111111111,0.005332
lab,0.0,4214,145841784.92307693,283757.9547519687,146377668,145365384,145868582.0,0.1667153846153846,0.009119611627658,0.1844,0.1548,0.1655,0.3460417582417582,0.0011092606079994,0.3491,0.3445,0.3458,-2655412.4285714286,275901.1693078252,-2193291,-3616422,-2619937.0,3744.0,0.0,3744,3744,3744.0,72.02274725274725,0.4003916580717941,74.12,71.07,72.0,13.79251978021978,0.4398412817823618,14.7602,12.6072,13.8085,0.0010975934065934,0.004206
lab,1.0,4214,146303664.54945055,295897.2736576812,147035996,145820808,146317256.0,0.1689351648351648,0.0088187599736316,0.1829,0.1535,0.1691,0.3495010989010989,0.0033599766700742,0.3565,0.3464,0.348,-2596072.7252747254,217765.35317931668,-2235406,-3200396,-2550722.0,3737.120879120879,0.9981668178900116,3738,3736,3738.0,72.00934065934067,0.4521597608461509,74.0,70.9,72.07,13.918472527472526,0.6057451314182181,15.1374,12.1407,13.8863,0.0010728021978021,0.004702
lab,1.0,4214,146302178.91208792,298147.7407903597,146877003,145786396,146316048.0,0.1624989010989011,0.0077569394667039,0.1776,0.1502,0.1608,0.347821978021978,0.0039087026036724,0.3531,0.3416,0.3489,-2575886.351648352,203006.77687168613,-2136893,-2998243,-2572329.0,3748.5824175824177,4.580310358397805,3751,3740,3751.0,72.00692307692307,0.4051657885845201,73.33,71.18,71.97,13.971216483516482,0.6016259861157256,15.2621,12.674,13.9799,0.0010424175824175,0.003754
lab,2.0,4214,146053119.0989011,303724.2683091117,146738771,145569616,146067608.0,0.1625571428571428,0.0059198938214416,0.1722,0.1497,0.1631,0.3024065934065934,0.0129741264077376,0.3239,0.2864,0.2958,-2533960.208791209,179989.5900482715,-2208306,-3025343,-2556948.0,3737.7582417582416,2.9186780087362787,3740,3734,3740.0,71.9976923076923,0.433469406643337,73.9,71.14,71.98,13.990286813186811,0.5718518048525025,15.094,12.8983,14.0095,0.0010125604395604,0.003649
lab,2.0,4214,146238674.4945055,297918.85911211383,146763042,145731192,146245002.0,0.1676494505494505,0.0164817634818768,0.2051,0.1445,0.1631,0.3025164835164835,0.0084068261118406,0.3152,0.2943,0.2962,-2561998.1428571427,225546.95651369463,-2207574,-3159379,-2499085.0,3714.692307692308,3.437351395389566,3717,3709,3717.0,72.00725274725275,0.3273837908634885,73.54,71.26,71.97,13.983472527472529,0.4753757089727225,15.1129,13.0654,14.0641,0.0009635274725274,0.004322
lab,0.0,4213,145514867.8901099,276298.20474500966,146064884,144999684,145450756.0,0.1496362637362637,0.0114133305732426,0.1699,0.1351,0.1496,0.2876835164835165,0.0013076071221266,0.2902,0.2863,0.287,-2580478.164835165,169808.74608722888,-2192192,-2966748,-2577456.0,3675.142857142857,4.850135000575531,3686,3673,3673.0,72.00879120879121,0.2289776076622879,73.27,71.57,72.01,13.879916483516483,0.4021256902080176,14.7812,12.691,13.9385,0.0009968681318681,0.00401
lab,0.0,4213,145269314.3846154,281727.35342461045,145828556,144726076,145247300.0,0.1607472527472527,0.0265881023544965,0.3747,0.1394,0.1609,0.2925472527472527,0.015186217001386,0.4102,0.2874,0.2885,-2600427.1428571427,233629.3692125096,-2127371,-3696990,-2580752.0,3689.3846153846152,4.127870666495764,3690,3662,3690.0,72.02758241758242,0.3306604188231669,73.66,71.25,71.99,13.93246813186813,0.3683226076505095,14.7049,13.031,13.9532,0.0010546483516483,0.003581
lab,1.0,4213,146226581.0989011,280559.7811009429,146786368,145688516,146170872.0,0.1661098901098901,0.0098779671204268,0.1859,0.1473,0.1656,0.3036472527472527,0.0020106019363664,0.3065,0.3004,0.3038,-2544174.0659340657,189436.7771000131,-2133597,-2893870,-2533143.0,3680.538461538461,6.354889093022352,3684,3669,3684.0,72.01208791208792,0.4887637840818773,73.26,70.9,72.02,14.020993406593409,0.6198250544938191,15.6667,12.8874,13.9412,0.001024923076923,0.004167
lab,1.0,4213,146473915.45054945,282267.1565547025,147225919,145942228,146412354.0,0.1683120879120879,0.0107533853601225,0.1868,0.152,0.164,0.2986197802197802,0.0023978332710187,0.3031,0.295,0.2996,-2586108.3626373624,216466.1242181128,-2259577,-3104446,-2584414.0,3669.3846153846152,2.541955637209173,3674,3668,3668.0,72.0157142857143,0.3884474592160797,72.87,71.23,72.0,13.909895604395604,0.5089556570756952,15.1084,12.8381,13.9101,0.0010293296703296,0.00429
lab,2.0,4213,146435651.6222222,292217.83017482294,147209861,145895486,146378828.0,0.1588355555555555,0.0072720229031281,0.1723,0.1458,0.16,0.3162766666666666,0.0120018729811717,0.3417,0.304,0.3123,-2571722.488888889,203729.94641912144,-2183403,-3072952,-2565370.5,3652.8555555555554,7.416291073265338,3658,3623,3654.0,72.00122222222222,0.3597528108213794,72.88,71.07,72.005,13.926646666666668,0.5697337373770469,15.0026,12.6045,13.87455,0.0010329888888888,0.003547
lab,2.0,4213,146248472.94505495,290070.56780705124,146966319,145783488,146180256.0,0.1639758241758241,0.0088872485513338,0.1824,0.1526,0.1654,0.3161472527472527,0.0050650291358016,0.3282,0.3111,0.3142,-2563225.6373626376,185931.7016336026,-2202080,-2951000,-2543031.0,3650.0,0.0,3650,3650,3650.0,72.00989010989011,0.3383439883560141,73.44,71.4,72.01,13.950725274725276,0.4596021055926543,14.8279,13.0234,13.8998,0.0010048351648351,0.004362
conference,0.0,4307,145269255.08791208,295002.41944567184,145800259,144787036,145297724.0,0.2127802197802197,0.1084136811987411,0.4771,0.1329,0.1806,0.2492571428571428,0.0011554838195071,0.2517,0.2466,0.2495,-2736950.7802197803,220489.01851721425,-2258112,-3409874,-2714056.0,3554.978021978022,7.783141356630275,3565,3549,3549.0,72.00461538461539,0.3091504764576915,73.23,70.89,71.97,13.787127472527471,0.4252723527513304,15.5726,12.6531,13.8046,0.000922989010989,0.00333
conference,0.0,4307,145680026.63736263,299512.63750743604,146209512,145187094,145734872.0,0.1517428571428571,0.0081550685378568,0.161,0.1373,0.155,0.2928747252747253,0.0003491556184706,0.2937,0.2923,0.2928,-2743695.6263736263,245977.47210315568,-2226617,-3295613,-2687688.0,3583.967032967033,18.68418853198853,3599,3561,3599.0,72.00923076923077,0.3082900177474696,73.22,71.33,72.0,14.021747252747254,0.3719251550575612,15.026,13.184,14.0123,0.0009341428571428,0.004241
conference,1.0,4307,145876454.37362638,301895.6804461043,146494357,145384848,145928768.0,0.1556604395604395,0.0082106283305492,0.169,0.1439,0.1528,0.3034395604395604,0.0022401824886419,0.3071,0.2988,0.3035,-2918410.769230769,222037.17786208083,-2461364,-3387535,-2878855.0,3576.5714285714284,6.535616704970063,3583,3570,3583.0,72.00824175824175,0.4010253342138362,72.99,70.93,72.0,13.778485714285717,0.5571424010213842,15.1532,12.6567,13.7314,0.0009585384615384,0.003518
conference,1.0,4307,146078897.81318682,302781.8284637366,146603508,145568310,146124196.0,0.1514340659340659,0.0059122137192654,0.1615,0.141,0.1498,0.2984560439560439,0.0014023162419692,0.3009,0.2965,0.2985,-2918849.4065934066,204778.0872578888,-2481872,-3339193,-2953564.0,3564.010989010989,1.4180934422625804,3565,3562,3565.0,72.00571428571429,0.5391312824187998,73.25,70.9,71.9,14.091036263736264,0.6540981259237764,15.8134,12.7784,14.0454,0.0009745824175824,0.003088
conference,2.0,4307,146080631.15384614,306411.1288535197,146611188,145545748,146113228.0,0.1503428571428571,0.0109994458734887,0.1671,0.1297,0.151,0.315567032967033,0.004723229943471,0.3207,0.3021,0.3158,-2670310.736263736,193445.12473394017,-2328060,-3273274,-2632755.0,3562.3406593406594,4.7357265785837885,3565,3554,3565.0,72.00758241758243,0.4266649496302446,73.52,70.79,72.01,13.888517582417585,0.5606506023448525,15.1281,12.7531,13.9355,0.0010212967032967,0.004041
conference,2.0,4307,145796153.03296703,306183.6842513146,146415565,145294216,145841116.0,0.1520714285714285,0.009094116360645,0.1643,0.1327,0.1543,0.3136571428571428,0.0099458438316619,0.3257,0.2924,0.3185,-2663891.791208791,176562.8190098996,-2394346,-3288655,-2636417.0,3560.285714285714,18.725078676164884,3574,3535,3574.0,72.00835164835165,0.3256387355346203,73.81,71.33,72.01,13.903668131868132,0.4149211774888013,14.6996,12.8877,13.9382,0.0010006483516483,0.003712
hallway,0.0,Outside3102,144509274.93406594,192623.04922976703,144997005,144106206,144487936.0,0.1437791208791208,0.0103793760943251,0.1596,0.1314,0.1405,0.2716,0.0014650748938004,0.2739,0.2691,0.272,-2245620.340659341,150455.4219870989,-1945726,-2632023,-2220758.0,4027.428571428572,6.44660609613557,4035,4022,4022.0,72.0067032967033,0.3094190073349118,73.57,71.42,71.98,13.89869010989011,0.4427508459255221,14.8708,12.871,13.9251,0.0009606483516483,0.005207
hallway,0.0,Outside3102,143778213.6153846,199926.84813961777,144185188,143378260,143743396.0,0.1575318681318681,0.053239030960212,0.4583,0.1213,0.1403,0.2764230769230769,0.0230678230775784,0.4045,0.2664,0.2694,-2321741.835164835,264492.1041554196,-1959277,-3393394,-2251154.0,4035.076923076923,10.082141273041804,4047,4026,4026.0,72.02857142857144,0.4380552259160725,73.77,71.33,71.99,13.96402967032967,0.3867171120813721,14.8697,13.0182,13.966,0.001023989010989,0.003761
hallway,1.0,Outside3102,144642976.05494505,220746.1762169145,145239651,144193874,144609864.0,0.1498934065934065,0.0028090252242766,0.1531,0.1438,0.1504,0.2856835164835165,0.0030657340515324,0.2911,0.2806,0.2858,-2245342.659340659,160271.74089639273,-1992603,-2567568,-2226617.0,4057.3406593406594,3.967142213006495,4059,4044,4059.0,72.00428571428571,0.3889477053028052,73.87,70.94,72.01,13.93052967032967,0.4976192014637754,15.2632,13.0147,13.9827,0.0009753736263736,0.00427
hallway,1.0,Outside3102,145361706.41758242,194386.76441330567,145779952,144970936,145346398.0,0.1484912087912088,0.0093724139941716,0.1731,0.1387,0.1473,0.2772351648351648,0.0013067664610168,0.2793,0.2755,0.2767,-2211573.923076923,168845.30884347833,-1843551,-2584780,-2231378.0,4066.736263736264,2.5158836081326146,4067,4043,4067.0,72.01120879120879,0.3451049282137414,73.68,71.26,72.01,13.844635164835164,0.4299635990726105,14.6359,12.8365,13.8291,0.000962,0.004519
hallway,2.0,Outside3102,145456753.83516484,201609.88782894216,145891808,145041932,145437152.0,0.1667054945054945,0.0114251804035099,0.1855,0.1476,0.1654,0.2938791208791209,0.0181395609188775,0.3424,0.2695,0.2848,-2216757.351648352,210955.79658846767,-1836593,-2797554,-2215631.0,4042.285714285714,5.346412534038774,4050,4036,4046.0,72.01153846153846,0.4908245286746763,73.6,71.01,71.97,13.952187912087911,0.6420880849636278,15.51,12.2799,13.9207,0.0010150439560439,0.004153
hallway,2.0,Outside3102,145120484.74725273,194416.40882980832,145645731,144745576,145100984.0,0.1649362637362637,0.0121631548948591,0.1848,0.1466,0.1623,0.2744098901098901,0.0058249092495564,0.2893,0.2686,0.273,-2233977.758241758,172588.70596641925,-1856369,-2702337,-2211602.0,4025.3406593406594,21.95966999358397,4050,4006,4006.0,72.01351648351648,0.3710207350491159,73.35,71.07,71.97,13.944028571428571,0.4849069111777398,15.1552,12.8923,13.9088,0.0009791538461538,0.003885
hallway,0.0,Outside3410,144092166.47252747,201496.0084723188,144541916,143702956,144062812.0,0.1429373626373626,0.0149004597121598,0.1756,0.1216,0.1394,0.3011263736263736,0.0012672661006921,0.3043,0.2999,0.3007,-2388719.824175824,199446.8817424604,-2020069,-2929393,-2396177.0,3954.428571428572,10.947493733617986,3967,3945,3945.0,72.0021978021978,0.247165271732644,73.54,71.53,72.01,13.867399999999998,0.3783840832334847,14.7757,12.7448,13.8668,0.0009511758241758,0.003701
hallway,0.0,Outside3410,144271571.0,209438.46673809885,144725908,143864164,144239204.0,0.1384230769230769,0.0113280387330932,0.1615,0.1243,0.1368,0.2983483516483516,0.0021606255594856,0.3009,0.2928,0.2983,-2381761.4725274723,189746.3569076912,-2048634,-2954662,-2360287.0,3951.483516483516,2.267463768484973,3962,3951,3951.0,72.00296703296704,0.2899635781936696,73.48,71.39,72.0,13.914380219780218,0.322434897208303,14.9878,13.0048,13.9488,0.0009505494505494,0.004132
hallway,1.0,Outside3410,145240464.94444445,213984.2641029768,145693598,144796414,145220424.0,0.1547255555555555,0.0096250324512642,0.1663,0.1384,0.1568999999999999,0.3104477777777777,0.0016940230539652,0.3145,0.3081,0.31,-2392897.277777778,209686.6809624167,-1972827,-2896067,-2419249.0,3950.766666666667,0.4253220854888283,3951,3950,3951.0,72.00111111111111,0.4173900836119952,73.33,71.13,71.965,13.926776666666669,0.5393846604431277,15.0273,12.9408,13.9106,0.0010167555555555,0.003822
hallway,1.0,Outside3410,145318710.76923078,208927.74993314635,145779792,144904840,145293385.0,0.148810989010989,0.0108647590406317,0.166,0.1315,0.141,0.3151252747252747,0.0018357918912915,0.3178,0.3117,0.3152,-2374936.153846154,157835.29364568784,-2050832,-2774848,-2381528.0,3940.6703296703295,10.63438338081316,3947,3923,3947.0,71.99978021978022,0.3885442289194595,73.98,71.13,71.99,13.906113186813188,0.4968625600726558,15.049,12.8378,13.9344,0.0009627362637362,0.003962
hallway,2.0,Outside3410,144989310.97777778,212932.3000557409,145450958,144561768,144964707.0,0.1545266666666666,0.0078074697738552,0.1663,0.1413,0.1555,0.2655566666666666,0.0036316662842281,0.2723,0.2589,0.2653999999999999,-2332230.888888889,189351.0287451364,-1950487,-2849924,-2301509.0,3934.777777777778,0.9804582484878736,3936,3934,3934.0,71.99833333333333,0.3910465646573784,73.58,71.19,71.985,13.860764444444444,0.5031736705815816,15.0069,12.6081,13.8902,0.0009864666666666,0.003997
hallway,2.0,Outside3410,145339620.31111112,211257.927632219,145799533,144916832,145314716.0,0.15378,0.0069838047001536,0.1646,0.1356,0.15225,0.28362,0.017424844719054,0.313,0.263,0.27965,-2328076.333333333,162595.820171479,-2107596,-2771552,-2296565.0,3939.1111111111113,7.99500468262218,3948,3932,3932.0,71.99811111111111,0.4229242619380326,73.14,71.07,72.00999999999999,13.998972222222225,0.5935701022612048,15.0944,12.1288,14.1288,0.0010720222222222,0.004143
kitchen,0.0,Floor2Kitchen,145646293.68131867,292053.8213988976,146203932,144996532,145589980.0,0.1461241758241758,0.0071040730204477,0.157,0.1342,0.1448,0.3184835164835164,0.0016921560038577,0.322,0.3167,0.3176,-2498537.4505494507,177720.35304446792,-2113821,-3034498,-2495789.0,3811.054945054945,13.567414096824834,3825,3798,3798.0,72.00329670329671,0.3082208982209388,73.91,71.36,71.96,13.888093406593406,0.2980255167308844,14.5476,13.2293,13.8739,0.001202901098901,0.005077
kitchen,0.0,Floor2Kitchen,145484927.75824177,278771.6760628731,146035604,144977332,145425876.0,0.1419703296703296,0.0085764858706879,0.1572,0.1279,0.1415,0.3228626373626374,0.0026650265102559,0.326,0.3185,0.3239,-2541530.087912088,200307.008599114,-2122611,-2859079,-2555849.0,3799.296703296703,18.60137062183825,3818,3781,3781.0,72.00395604395604,0.4010510610906724,74.2,70.66,72.01,13.956212087912087,0.3690823475820855,14.9304,12.6535,13.9608,0.0009297362637362,0.004235
kitchen,1.0,Floor2Kitchen,146373957.8791209,275207.0196520871,146920192,145860580,146325128.0,0.1560263736263736,0.0092004690117748,0.173,0.1438,0.1543,0.3351956043956044,0.0042256074405649,0.343,0.3294,0.335,-2504505.6923076925,194355.37810377116,-2151542,-3079910,-2517762.0,3814.175824175824,4.958927766258362,3820,3810,3810.0,72.01450549450549,0.356820103246141,72.95,71.34,72.0,13.919776923076922,0.4558949598992495,14.8322,13.0365,13.8934,0.0010297802197802,0.003896
kitchen,1.0,Floor2Kitchen,146478656.7912088,282666.0151164191,147120659,145934230,146424050.0,0.1585362637362637,0.0104261052330038,0.178,0.1413,0.1552,0.3341538461538462,0.0044973648504752,0.3424,0.3284,0.3313,-2514671.241758242,198427.5695756984,-2132865,-3113602,-2475647.0,3820.065934065934,4.289009722022677,3826,3817,3817.0,72.01307692307692,0.3917813798187058,73.63,71.23,71.96,13.958446153846152,0.5505847342815923,15.2239,12.9034,14.037,0.0010788241758241,0.003641
kitchen,2.0,Floor2Kitchen,146124364.67032966,275875.05292629567,146673192,145612442,146075944.0,0.1572384615384615,0.004875694121086,0.1666,0.1516,0.154,0.3100428571428571,0.0173083675516089,0.3423,0.2825,0.3077,-2510618.7252747254,199785.241362545,-2064015,-2969311,-2497620.0,3809.0,15.214028613969088,3818,3783,3818.0,72.01087912087912,0.3361932260261733,72.68,70.8,72.0,13.976145054945054,0.5310143551656034,16.1247,13.0204,13.9267,0.0009941098901098,0.003811
kitchen,2.0,Floor2Kitchen,146436758.2087912,288288.38080469664,147001416,145850354,146376936.0,0.156554945054945,0.0144278377816117,0.177,0.1327,0.1577,0.2935736263736264,0.0090394915683576,0.3083,0.2794,0.2954,-2479727.461538461,198839.5281025105,-2070974,-3002271,-2486267.0,3801.131868131868,5.281432447123233,3805,3794,3805.0,72.01637362637362,0.3877671594699186,73.32,71.25,71.93,13.817284615384615,0.5097358320025682,15.1138,12.5039,13.7782,0.0010206923076923,0.004215
hallway,0.0,hallway near work area,143691608.69230768,201419.01429588132,144133508,143297563,143662852.0,0.1627747252747252,0.020115331871798,0.1892,0.1354,0.1511,0.3558395604395604,0.0144493050899487,0.3692,0.3153,0.361,-2616609.208791209,214001.44170737185,-2102469,-3151323,-2631656.0,3641.3846153846152,15.60040542975247,3648,3605,3648.0,72.01043956043956,0.3478598443431942,74.04,71.36,71.97,13.863861538461538,0.2759284076910896,14.6618,13.1738,13.891,0.000983901098901,0.005154
hallway,0.0,hallway near work area,143840428.07692307,199008.14823604684,144285116,143449244,143806172.0,0.1435780219780219,0.0131621156877338,0.1696,0.1267,0.1365,0.3550450549450549,0.0146039055943285,0.3653,0.3034,0.3588,-2586913.274725274,170800.07490429436,-2242731,-2978101,-2581851.0,3643.6263736263736,6.457808970796223,3655,3640,3640.0,72.0056043956044,0.3516412590859828,73.97,71.1,71.96,13.95537912087912,0.3210790216049221,14.6122,13.4048,13.9157,0.0009151098901098,0.004039
lab,0.0,3215,144929727.43333334,273424.85468363046,145520564,144414268,144897872.0,0.1481366666666666,0.0110569155745385,0.1695,0.1261,0.14725,0.2857533333333333,0.0023688616713471,0.2899,0.282,0.2858,-2550205.033333333,197015.98753488812,-2191460,-3091629,-2534242.0,3634.4222222222224,13.651338805626498,3645,3617,3645.0,72.00155555555556,0.3403729319936548,73.74,71.34,71.99000000000001,14.014335555555554,0.3545717161134901,15.1841,13.2461,13.9758,0.0009343777777777,0.004272
lab,0.0,"3215
",145065955.34065935,244371.04541984588,145587092,144602124,145019284.0,0.1427736263736263,0.0092954449438042,0.1549,0.1286,0.1403,0.281756043956044,0.0002526344707757,0.2823,0.2814,0.2817,-2542061.3076923075,188036.49532032,-2163627,-2980298,-2511170.0,3621.956043956044,17.58529188960166,3648,3610,3610.0,72.00241758241758,0.2384642561584471,73.58,71.41,72.01,13.838638461538462,0.3474371325287916,14.4794,12.7898,13.8672,0.0009707142857142,0.004083
lab,0.0,privateeye,144765313.8901099,303530.17457212374,145329419,144284716,144787068.0,0.1760098901098901,0.0261773695943018,0.2211,0.1395,0.1588,0.354143956043956,0.0148981073278991,0.3638,0.3055,0.3599,-2790129.054945055,189565.3671391693,-2424376,-3219806,-2807076.0,3580.285714285714,6.2845236967681295,3585,3572,3585.0,72.00296703296704,0.3681319042151861,73.33,70.99,71.96,13.90037032967033,0.3717217793202346,14.9655,13.2122,13.87,0.000974934065934,0.003497
kitchen,0.0,Floor3Kitchen,144980555.5054945,318556.29412563646,145564948,144386012,144954820.0,0.1502824175824176,0.0126258517284233,0.1793,0.1385,0.145,0.3356362637362637,0.0110575616810249,0.3439,0.3011,0.3393,-2742089.769230769,187892.0036718537,-2411924,-3397422,-2752875.0,3550.7912087912086,2.1526029902653607,3552,3547,3552.0,72.00285714285714,0.2599371108312585,73.02,71.45,71.99,13.962696703296702,0.295197796758772,14.6889,13.2838,13.9776,0.0009702747252747,0.003838
kitchen,0.0,Floor3Kitchen,145063982.2222222,280844.07230266125,145607812,144521140,145002964.0,0.1507622222222222,0.0115486910370467,0.1738,0.1387,0.1478,0.3366655555555555,0.0146130860325858,0.3457,0.2884,0.3425,-2750075.722222222,227770.37327906824,-2339779,-3439904,-2758185.5,3563.6666666666665,3.792363705119745,3565,3553,3565.0,71.99888888888889,0.2954198856947851,72.72,71.5,72.005,13.935308888888889,0.4001156578982895,15.3382,12.9314,13.86295,0.0009614222222222,0.003944
