Name; Median Time; Min Time; Max Time; Median Frame Index; Min Frame Index; Max Frame Index; Min Depth; Max Depth; Total Time; Mean Time; Time Lower Quartile; Time Upper Quartile; Count Total; Count Median; Count Min; Count Max; Number of frames containing Marker; First Frame Index; Time Min Individual; Time Max Individual; Min Individual Frame; Max Individual Frame; Time at Median Frame
"PlayerLoop";13.83156;11.71698;15.72141;407;129;128;1;1;4160.22868156433;13.86743;13.56297;14.17083;300;1;1;1;300;109;11.71698;15.72141;129;128;13.8388
"EarlyUpdate.XRUpdate";10.49781;9.180262;11.61787;173;129;120;2;2;3141.48282146454;10.47161;10.1349;10.81182;300;1;1;1;300;109;9.180262;11.61787;129;120;10.99255
"PostLateUpdate.FinishFrameRendering";1.55974;1.115417;2.568959;287;117;379;2;2;472.679012537003;1.575597;1.413542;1.704114;300;1;1;1;300;109;1.115417;2.568959;117;379;1.328698
"UnityEngine.CoreModule.dll!UnityEngine.Rendering::RenderPipelineManager.DoRenderLoop_Internal() [Invoke]";1.471563;1.050625;2.441094;376;117;379;3;3;442.824526906013;1.476082;1.332083;1.596302;300;1;1;1;300;109;1.050625;2.441094;117;379;1.232917
"Inl_UniversalRenderTotal";1.438698;1.025573;2.394584;156;117;379;4;4;432.435236692429;1.441451;1.30125;1.555729;300;1;1;1;300;109;1.025573;2.394584;117;379;1.205469
"Inl_RenderCameraStack";1.398021;0.994115;2.329167;171;117;379;5;5;419.273224592209;1.397577;1.260469;1.504375;300;1;1;1;300;109;0.994115;2.329167;117;379;1.170625
"Inl_UniversalRenderPipeline.RenderSingleCameraInternal: CenterEyeAnchor";0.912812;0.669791;1.598803;245;129;379;6;6;275.468624472618;0.9182287;0.830782;0.978229;300;1;1;1;300;109;0.669791;1.598803;129;379;0.816146
"Update.ScriptRunBehaviourUpdate";0.68474;0.478125;1.223489;304;150;348;2;2;209.115340799093;0.6970511;0.614636;0.775209;300;1;1;1;300;109;0.478125;1.223489;150;348;0.563282
"BehaviourUpdate";0.683803;0.477136;1.221666;256;150;348;3;3;208.696007370949;0.6956534;0.613386;0.773021;300;1;1;1;300;109;0.477136;1.221666;150;348;0.562083
"PostLateUpdate.PlayerSendFrameStarted";0.351094;0.241511;0.622292;137;203;367;2;2;107.167937844992;0.3572265;0.323021;0.38823;300;1;1;1;300;109;0.241511;0.622292;203;367;0.254375
"meta.xr.mrutilitykit.dll!Meta.XR.MRUtilityKit::MRUK.Update() [Invoke]";0.319792;0.204428;0.697031;367;179;336;4;4;98.5919798314571;0.3286399;0.271823;0.374218;300;1;1;1;300;109;0.204428;0.697031;179;336;0.282865
"Inl_ExecuteRenderGraph";0.293281;0.212396;0.842448;202;119;379;7;7;91.2185087352991;0.3040617;0.271927;0.326979;300;1;1;1;300;109;0.212396;0.842448;119;379;0.252396
"FrameEvents.XRBeginFrame";0.290573;0.202968;0.521771;370;203;367;3;3;88.743872359395;0.2958129;0.26875;0.318021;300;1;1;1;300;109;0.202968;0.521771;203;367;0.213021
"Inl_ScriptableRenderContext.Submit";0.244427;0.153177;0.485729;404;216;190;6;6;75.9563619196415;0.2531879;0.219948;0.275;300;1;1;1;300;109;0.153177;0.485729;216;190;0.179375
"Inl_RecordRenderGraph";0.228177;0.174688;0.361198;356;132;286;7;7;70.3870928585529;0.2346236;0.211302;0.251562;300;1;1;1;300;109;0.174688;0.361198;132;286;0.213177
"PostLateUpdate.ProfilerEndFrame";0.224532;0.1525;0.721719;123;284;357;2;2;71.8997047990561;0.2396657;0.196718;0.262708;300;1;1;1;300;109;0.1525;0.721719;284;357;0.262552
"Profiler.FlushCounters";0.222656;0.151615;0.719792;364;284;357;3;3;71.2975049614906;0.2376584;0.194792;0.26099;300;1;1;1;300;109;0.151615;0.719792;284;357;0.26099
"Oculus.VR.dll!::OVRManager.Update() [Invoke]";0.217813;0.158906;0.731406;257;150;348;4;4;66.2263128757477;0.2207544;0.200625;0.233593;300;1;1;1;300;109;0.158906;0.731406;150;348;0.168385
"Inl_On Record Render Graph";0.215937;0.162552;0.342291;255;132;286;8;8;66.414698690176;0.2213823;0.199062;0.238021;300;1;1;1;300;109;0.162552;0.342291;132;286;0.201979
"Profiler.FlushMemoryCounters";0.177865;0.123177;0.501146;360;284;369;4;4;58.0109979733825;0.19337;0.158125;0.213333;300;1;1;1;300;109;0.123177;0.501146;284;369;0.220782
"CullScriptable";0.160416;0.1125;0.335104;125;121;235;7;7;49.1255289390683;0.1637518;0.140937;0.177604;300;1;1;1;300;109;0.1125;0.335104;121;235;0.15599
"Gfx.WaitForRenderThread";0.142865;0.10724;0.319271;394;119;297;4;4;44.3531299754977;0.1478438;0.133437;0.1575;300;1;1;1;300;109;0.10724;0.319271;119;297;0.115677
"Semaphore.WaitForSignal";0.141771;0.106302;0.317761;394;119;297;5;5;44.0375048965216;0.1467917;0.132448;0.156563;300;1;1;1;300;109;0.106302;0.317761;119;297;0.114688
"Inl_Setup Forward Lights";0.116667;0.080469;0.220677;269;119;207;8;8;36.1775108873844;0.1205917;0.105781;0.128698;300;1;1;1;300;109;0.080469;0.220677;119;207;0.10125
"ExecuteRenderGraph";0.115365;0.074063;0.362083;315;216;130;7;7;36.8686468750238;0.1228955;0.103177;0.13099;300;1;1;1;300;109;0.074063;0.362083;216;130;0.084115
"Inl_Setup Light Constants";0.114739;0.078386;0.218438;269;119;207;9;9;35.5309408158064;0.1184365;0.103907;0.126198;300;1;1;1;300;109;0.078386;0.218438;119;207;0.099271
"EndRenderQueueExtraction";0.081407;0.046615;0.186667;251;134;314;8;9;25.3649169541895;0.08454973;0.070625;0.093906;600;2;2;2;300;109;0.009323;0.171979;173;314;0.083542
"SceneCulling";0.070208;0.046979;0.24573;299;121;235;8;8;21.9518679529428;0.07317289;0.061354;0.078541;300;1;1;1;300;109;0.046979;0.24573;121;235;0.059843
"WaitForJobGroupID";0.066823;0.013333;0.23146;325;239;235;9;10;21.6307809404097;0.07210261;0.057655;0.081667;837;3;1;5;300;109;0.000781;0.165052;145;314;0.064792
"CullResults.CreateSharedRendererScene";0.061302;0.043906;0.183594;109;134;314;8;8;19.4829189404845;0.06494306;0.055989;0.07099;300;1;1;1;300;109;0.043906;0.183594;134;314;0.075521
"PreUpdate.NewInputUpdate";0.05776;0.040625;0.15375;338;246;396;2;2;18.1903769522905;0.06063459;0.050677;0.064584;300;1;1;1;300;109;0.040625;0.15375;246;396;0.049896
"Inl_Forward+ Upload";0.055625;0.034323;0.135521;134;141;235;10;10;17.3884969390929;0.05796166;0.049896;0.062969;300;1;1;1;300;109;0.034323;0.135521;141;235;0.048021
"Shadows.PrepareDrawShadows";0.053541;0.029739;0.222448;132;216;379;7;7;17.4657169738784;0.05821906;0.043958;0.065937;600;2;2;2;300;109;0.010833;0.168229;173;379;0.040833
"Inl_Forward+ Setup";0.044271;0.032969;0.112188;261;117;385;9;9;13.9795219376683;0.0465984;0.040521;0.048229;300;1;1;1;300;109;0.032969;0.112188;117;385;0.042448
"UnityEngine.InputModule.dll!UnityEngineInternal.Input::NativeInputSystem.NotifyUpdate() [Invoke]";0.039323;0.02901;0.114062;335;150;396;3;4;12.5623339647427;0.04187445;0.035364;0.045;600;2;2;2;300;109;0.010572;0.090885;124;396;0.033802
"EngineJob";0.037708;0.001406;0.106249;208;350;310;10;12;8.60498497405206;0.04021021;0.032864;0.044741;360;1;1;10;214;109;0.000208;0.075312;187;223;0.039948
"InputUpdate";0.036094;0.026823;0.10901;328;150;396;4;5;11.5638159625232;0.03854605;0.032344;0.041145;600;2;2;2;300;109;0.009531;0.088073;124;396;0.031406
"ExecuteRenderQueueJob";0.035052;0.023438;0.095052;113;230;310;11;12;8.00359396822751;0.0388524;0.031354;0.041875;222;1;1;2;206;109;0.018698;0.073125;110;223;0.037553
"UnityEngine.InputModule.dll!UnityEngineInternal.Input::NativeInputSystem.NotifyBeforeUpdate() [Invoke]";0.033958;0.024895;0.09999999;342;246;381;3;4;10.8531909640878;0.0361773;0.030938;0.038021;600;2;2;2;300;109;0.002292;0.092864;121;264;0.029011
"meta.xr.mrutilitykit.dll!Meta.XR.MRUtilityKit::MRUKAnchor.Update() [Invoke]";0.031353;0.020572;0.09244802;399;120;339;4;4;10.1113929438288;0.03370464;0.02890399;0.03646301;17100;57;57;57;300;109;0.00026;0.060989;117;339;0.02265499
"Inl_RenderPipeline.BeginCameraRendering";0.031198;0.022448;0.085937;269;117;235;6;6;10.0142639912665;0.03338088;0.028386;0.03625;300;1;1;1;300;109;0.022448;0.085937;117;235;0.023802
"Inl_UniversalRenderPipeline.CreateCameraData";0.03099;0.023646;0.127969;136;132;288;6;6;10.2831339649856;0.03427712;0.02875;0.037239;300;1;1;1;300;109;0.023646;0.127969;132;288;0.031563
"Oculus.VR.dll!::OVRCameraRig.Update() [Invoke]";0.03026;0.023542;0.076302;329;127;392;4;4;9.94775995798409;0.0331592;0.028177;0.036718;300;1;1;1;300;109;0.023542;0.076302;127;392;0.027135
"Draw Main Light Shadowmap";0.028177;0.015677;0.126667;385;216;113;8;8;9.32489297538996;0.03108298;0.023854;0.033958;300;1;1;1;300;109;0.015677;0.126667;216;113;0.019843
"FrameEvents.OnBeforeRenderCallback";0.027604;0.017656;0.101562;336;121;197;3;3;8.88427796959877;0.02961426;0.025313;0.031875;300;1;1;1;300;109;0.017656;0.101562;121;197;0.02026
"FrameEvents.NewInputBeforeRenderUpdate";0.027344;0.016041;0.092604;273;121;381;3;3;8.94730197265744;0.02982434;0.023854;0.032344;300;1;1;1;300;109;0.016041;0.092604;121;381;0.019739
"UnityEngine.CoreModule.dll!UnityEngine::Application.InvokeOnBeforeRender() [Invoke]";0.026354;0.016563;0.099896;164;121;197;4;4;8.49701997451484;0.0283234;0.024115;0.030417;300;1;1;1;300;109;0.016563;0.099896;121;197;0.019375
"MainLightShadow";0.026198;0.014896;0.123073;196;216;113;9;9;8.76833395659924;0.02922778;0.022396;0.03177;300;1;1;1;300;109;0.014896;0.123073;216;113;0.018855
"RenderLoop.ScheduleDraw";0.025467;0.015313;0.364376;243;110;109;9;10;9.53241195667943;0.03177471;0.022865;0.029062;1503;5;5;6;300;109;0.000208;0.181198;117;109;0.017033
"EndGraphicsJobs";0.025365;0.01724;0.068751;393;117;173;3;4;8.00989898446278;0.02669966;0.023334;0.028072;1200;4;4;4;300;109;5.2E-05;0.068229;118;173;0.020625
"Inl_UniversalRenderPipeline.CreateRenderingData";0.02526;0.017031;0.131042;151;123;391;7;7;7.95644997619092;0.0265215;0.022812;0.027604;300;1;1;1;300;109;0.017031;0.131042;123;391;0.030573
"PreLateUpdate.EndGraphicsJobsAfterScriptUpdate";0.02526;0.017084;0.068698;373;117;173;2;2;7.96229496784508;0.02654098;0.023229;0.027916;300;1;1;1;300;109;0.017084;0.068698;117;173;0.020521
"Inl_UniversalRenderPipeline.ComputeShadowCasterCullingInfos";0.025209;0.018802;0.112187;306;123;302;7;7;7.92358998954296;0.02641197;0.023072;0.027292;300;1;1;1;300;109;0.018802;0.112187;123;302;0.026823
"Inl_Setup Camera Properties";0.023906;0.017031;0.157969;151;118;290;8;8;7.61131298006512;0.02537104;0.022135;0.025469;600;2;2;2;300;109;0.002865;0.151667;140;290;0.019636
"Setup Camera Properties";0.023802;0.015729;0.059167;406;120;375;8;8;7.73162299022079;0.02577208;0.021354;0.029323;600;2;2;2;300;109;0.002813;0.045938;133;286;0.018854
"Inl_NRPRGComp_ExecuteBeginRenderpassCommand";0.023697;0.018073;0.104792;387;117;290;8;8;7.4758889588993;0.02491963;0.022084;0.025624;600;2;2;2;300;109;0.003385;0.097031;126;290;0.021511
"Gfx.EndAsyncJobFrame";0.023177;0.01526;0.066198;348;117;173;4;4;7.31099597364664;0.02436999;0.021198;0.025781;300;1;1;1;300;109;0.01526;0.066198;117;173;0.019062
"PreLateUpdate.ScriptRunBehaviourLateUpdate";0.02302;0.016562;0.075678;280;117;233;2;2;7.19373796321452;0.02397913;0.021094;0.024688;300;1;1;1;300;109;0.016562;0.075678;117;233;0.01875
"Shadows.ExecuteDrawShadows";0.022865;0.012917;0.117552;128;216;113;10;10;7.72922295238823;0.02576408;0.019323;0.028177;300;1;1;1;300;109;0.012917;0.117552;216;113;0.01625
"WaitForRenderJobs";0.022604;0.014844;0.065677;406;117;173;5;5;7.14327097684145;0.0238109;0.020573;0.025209;300;1;1;1;300;109;0.014844;0.065677;117;173;0.018646
"LateBehaviourUpdate";0.022395;0.016198;0.074739;356;117;233;3;3;7.01589099317789;0.0233863;0.020573;0.024115;300;1;1;1;300;109;0.016198;0.074739;117;233;0.018333
"PostLateUpdate.UpdateResolution";0.022292;0.015468;0.152865;202;123;405;2;2;8.13588395342231;0.02711961;0.020416;0.027188;300;1;1;1;300;109;0.015468;0.152865;123;405;0.020625
"Inl_Initialize Frame";0.021563;0.01599;0.056094;173;119;393;8;8;6.64437597058713;0.02214792;0.019792;0.023073;300;1;1;1;300;109;0.01599;0.056094;119;393;0.019896
"CullAllVisibleLights";0.019687;0.01448;0.082135;245;153;389;9;9;6.33150299359113;0.02110501;0.017604;0.022396;300;1;1;1;300;109;0.01448;0.082135;153;389;0.020834
"PostLateUpdate.UpdateAudio";0.019166;0.011093;0.130573;374;124;359;2;2;6.1989579917863;0.02066319;0.016979;0.022291;300;1;1;1;300;109;0.011093;0.130573;124;359;0.016615
"Profiler.FlushCountersWithFlushOnEndOfFrame";0.018021;0.011094;0.260678;174;233;357;4;4;6.81251598894596;0.02270839;0.015;0.023125;300;1;1;1;300;109;0.011094;0.260678;233;357;0.022084
"Oculus.VR.dll!::OVRManager.LateUpdate() [Invoke]";0.017864;0.012968;0.066875;234;174;320;4;4;5.58405798114836;0.01861353;0.01625;0.019219;300;1;1;1;300;109;0.012968;0.066875;174;320;0.014479
"Inl_UniversalRenderPipeline.InitializeStackedCameraData";0.017448;0.013177;0.086615;223;132;288;7;7;5.86208497919142;0.01954028;0.01625;0.020938;300;1;1;1;300;109;0.013177;0.086615;132;288;0.01724
"Profiler.CollectLegacyStats";0.017187;0.012031;0.085989;307;213;320;4;4;5.71510999463499;0.01905037;0.015365;0.020313;300;1;1;1;300;109;0.012031;0.085989;213;320;0.016198
"Inl_ScriptableRenderer.SetPerCameraShaderVariables";0.016979;0.011979;0.124063;211;118;290;9;9;5.39416698063724;0.01798056;0.01578;0.018282;600;2;2;2;300;109;0.001719;0.120365;147;290;0.014218
"Inl_Draw Main Light Shadowmap";0.016875;0.012343;0.062657;160;120;316;8;8;5.42081597913057;0.01806939;0.015937;0.018125;300;1;1;1;300;109;0.012343;0.062657;120;316;0.015677
"Inl_ScriptableRenderer.ClearRenderingState";0.016354;0.01151;0.049844;325;142;393;9;9;5.04963698983192;0.01683212;0.015;0.017657;300;1;1;1;300;109;0.01151;0.049844;142;393;0.015053
"AudioManager.Update";0.015729;0.00875;0.126041;266;124;359;3;3;5.19359598029405;0.01731199;0.014166;0.01849;300;1;1;1;300;109;0.00875;0.126041;124;359;0.013541
"FixedUpdate.ScriptRunBehaviourFixedUpdate";0.015417;0.012812;0.068229;228;212;279;2;2;3.43733699433506;0.01652566;0.014323;0.017187;208;1;1;1;208;110;0.012812;0.068229;212;279;0.014739
"Inl_CompileRenderGraph";0.015417;0.011042;0.038437;271;228;321;7;7;4.77785698417574;0.01592619;0.014427;0.016563;300;1;1;1;300;109;0.011042;0.038437;228;321;0.013698
"PrepareSceneNodes";0.014636;0.00677;0.056823;396;127;239;9;9;4.74328899569809;0.01581096;0.013125;0.01599;300;1;1;1;300;109;0.00677;0.056823;127;239;0.013281
"FixedBehaviourUpdate";0.014115;0.01177;0.066875;252;159;279;3;3;3.16812699474394;0.01523138;0.013177;0.015781;208;1;1;1;208;110;0.01177;0.066875;159;279;0.013646
"EarlyUpdate.PhysicsResetInterpolatedTransformPosition";0.01401;5.2E-05;0.064948;167;122;248;2;2;3.37503998699322;0.01125013;0.000156;0.015521;300;1;1;1;300;109;5.2E-05;0.064948;122;248;0.013073
"Shadows.ScheduleRenderJobs";0.013907;0.007761;0.107343;210;124;130;11;11;4.83875098219141;0.01612917;0.010938;0.018177;300;1;1;1;300;109;0.007761;0.107343;124;130;0.010417
"BeginRenderQueueExtraction";0.013593;0.009167;0.046874;339;120;202;8;9;4.45239098835737;0.0148413;0.012395;0.015104;600;2;2;2;300;109;0.003177;0.042239;145;202;0.012917
"Setup Forward Lights";0.01349;0.009427;0.057656;246;126;397;8;8;4.45479398686439;0.01484931;0.012083;0.016145;300;1;1;1;300;109;0.009427;0.057656;126;397;0.011979
"Inl_NRPRGComp_ExecuteDestroyResources";0.013332;0.008541;0.07;370;407;379;8;8;4.44778998745824;0.01482597;0.01229;0.014895;3300;11;11;11;300;109;0;0.068229;118;379;0.010943
"DrawTransparentObjects";0.013281;0.006615;0.184636;192;235;109;8;8;4.95802198024467;0.01652674;0.012031;0.015053;300;1;1;1;300;109;0.006615;0.184636;235;109;0.008958
"Inl_NRPRGComp_ExecuteCreateResources";0.013281;0.008906001;0.07458199;202;123;219;8;8;4.28661498580914;0.01428872;0.012395;0.014322;3300;11;11;11;300;109;0;0.071145;117;219;0.011927
"PostLateUpdate.UpdateCustomRenderTextures";0.013177;0.005677;0.066094;273;116;383;2;2;4.25629097828642;0.01418764;0.012136;0.014532;300;1;1;1;300;109;0.005677;0.066094;116;383;0.011458
"Inl_UniversalRenderPipeline.InitializeAdditionalCameraData";0.013125;0.009688;0.077708;287;117;374;6;6;4.37291298713535;0.01457638;0.011875;0.015156;300;1;1;1;300;109;0.009688;0.077708;117;374;0.010729
"Inl_MainLightShadow";0.013125;0.009687;0.05;377;120;319;9;9;4.2323849843815;0.01410795;0.012344;0.014167;300;1;1;1;300;109;0.009687;0.05;120;319;0.011822
"FixedUpdate.PhysicsFixedUpdate";0.013073;0.009375;0.07776;192;126;330;2;2;2.98192300181836;0.01433617;0.011927;0.015417;208;1;1;1;208;110;0.009375;0.07776;126;330;0.01151
"Unity.RenderPipelines.Core.Runtime.dll!UnityEngine.Rendering::DebugUpdater.Update() [Invoke]";0.012813;0.009375;0.073177;280;284;295;4;4;4.14827899634838;0.0138276;0.012135;0.014011;300;1;1;1;300;109;0.009375;0.073177;284;295;0.011145
"Audio.FMODSystemUpdate";0.012395;0.006823;0.05625;251;124;393;4;4;4.04026398528367;0.01346755;0.011041;0.014271;300;1;1;1;300;109;0.006823;0.05625;124;393;0.009791
"CustomRenderTextures.Update";0.011666;0.004427;0.064218;170;116;383;3;3;3.71651398669928;0.01238838;0.010729;0.012865;300;1;1;1;300;109;0.004427;0.064218;116;383;0.009791
"Profiler.CollectPhysicsStats";0.011563;0.009167;0.061407;345;159;248;3;3;2.59605300240219;0.01248102;0.010625;0.012812;208;1;1;1;208;110;0.009167;0.061407;159;248;0.010261
"RenderLoop.Prepare";0.011354;0.011354;0.0125;310;310;209;12;13;0.0238539995625615;0.011927;0.011354;0.011354;4;2;2;2;2;209;0.004948;0.006927;310;209;0
"Initialization.XREarlyUpdate";0.010885;0.007188;0.084427;202;271;110;2;2;3.66838798578829;0.01222796;0.009948;0.012031;300;1;1;1;300;109;0.007188;0.084427;271;110;0.010989
"FixedUpdate.NewInputFixedUpdate";0.010729;0.005;0.04474;288;160;331;2;2;2.38775598816574;0.0114796;0.01;0.01177;208;1;1;1;208;110;0.005;0.04474;160;331;0.009844
"PlayerConnection.Poll";0.010728;0.007812;0.515;168;211;408;3;4;5.40548701141961;0.01801829;0.009844;0.011875;600;2;2;2;300;109;0.003802;0.257761;121;408;0.011145
"Inl_ComputeHashRenderGraph";0.010677;0.007656;0.057083;253;228;317;7;7;3.47421599039808;0.01158072;0.010053;0.011458;300;1;1;1;300;109;0.007656;0.057083;228;317;0.009479
"Inl_UniversalRenderPipeline.CreateShadowData";0.010521;0.006927;0.10573;221;123;391;8;8;3.42394898738712;0.01141316;0.009479;0.011718;300;1;1;1;300;109;0.006927;0.10573;123;391;0.013282
"CullSendEvents";0.010104;0.00526;0.164322;144;121;235;9;9;3.90458500431851;0.01301528;0.007552;0.015104;300;1;1;1;300;109;0.00526;0.164322;121;235;0.008541
"UnityEngine.CoreModule.dll!UnityEngine.Experimental.Rendering::ScriptableRuntimeReflectionSystemWrapper.Internal_ScriptableRuntimeReflectionSystemWrapper_TickRealtimeProbes() [Invoke]";0.010052;0.004375;0.077032;178;116;311;3;3;3.30223199399188;0.01100744;0.009167;0.011198;300;1;1;1;300;109;0.004375;0.077032;116;311;0.007656
"Inl_UpdateVolumeFramework";0.009948;0.006927;0.064583;305;315;333;6;6;3.39234601100907;0.01130782;0.009063;0.012239;300;1;1;1;300;109;0.006927;0.064583;315;333;0.007969
"Physics.PrepareSimulationStage";0.009947;0.006771;0.072812;305;126;330;3;3;2.30400599399582;0.01107695;0.008958;0.011719;208;1;1;1;208;110;0.006771;0.072812;126;330;0.008802
"Inl_UniversalRenderPipeline.SetupPerFrameShaderConstants";0.009531;0.007031;0.065729;260;119;162;5;5;3.16229098942131;0.01054097;0.00849;0.011458;300;1;1;1;300;109;0.007031;0.065729;119;162;0.008385
"afterCullingOutputReady.Invoke";0.009323;0.006251;0.057083;181;119;128;8;10;3.01114699500613;0.01003716;0.008385;0.010417;600;2;2;2;300;109;0.001927;0.051771;120;128;0.009011
"Physics.SyncTransforms";0.009166;0.006198;0.071615;332;126;330;4;4;2.1374009991996;0.01027597;0.00823;0.010625;208;1;1;1;208;110;0.006198;0.071615;126;330;0.008229
"UpdateReflectionProbeAtlas";0.00901;0.006302;0.049166;152;169;397;9;9;2.95739899529144;0.009857996;0.008073;0.010573;300;1;1;1;300;109;0.006302;0.049166;169;397;0.008386
"TimeUpdate.WaitForLastPresentationAndUpdateTime";0.008802;0.00599;0.121042;304;215;365;2;2;2.87671098997816;0.009589037;0.008073;0.009635;300;1;1;1;300;109;0.00599;0.121042;215;365;0.007448
"Inl_UniversalRenderPipeline.SetupPerCameraShaderConstants";0.00875;0.006094;0.050417;202;141;346;7;7;2.99755899887532;0.009991864;0.007813;0.010678;300;1;1;1;300;109;0.006094;0.050417;141;346;0.006875
"UIEvents.IMGUIRenderOverlays";0.008646;0.006406;0.283437;407;122;186;3;3;3.55895601585507;0.01186319;0.008021;0.01099;300;1;1;1;300;109;0.006406;0.283437;122;186;0.009166
"CullShadowCastersScriptable";0.008542;0.005781;0.066146;280;133;403;7;7;2.71508699702099;0.00905029;0.007865;0.009115;300;1;1;1;300;109;0.005781;0.066146;133;403;0.006458
"Profiler.CollectAudioStats";0.008438;0.006043;0.067032;371;245;228;5;5;2.76141599100083;0.00920472;0.007656;0.009948;600;2;2;2;300;109;0.002291;0.062813;134;228;0.008177
"RenderLoop.CleanupNodeQueue";0.008386;0.000939;0.058751;330;150;225;4;8;2.57703598495573;0.00859012;0.006926;0.009792001;1478;5;4;7;300;109;0.000105;0.050989;155;235;0.001251
"PrepareSceneCullingParameters";0.008021;0.005886;0.058125;275;133;392;8;8;2.5695299920626;0.0085651;0.007344;0.009323;300;1;1;1;300;109;0.005886;0.058125;133;392;0.007083
"ReflectionProbes.Update";0.008021;0.002448;0.074688;317;116;311;4;4;2.62297198898159;0.00874324;0.00724;0.008906;300;1;1;1;300;109;0.002448;0.074688;116;311;0.006094
"GUI.Repaint";0.007344;0.005156;0.17375;307;132;348;4;4;2.79587699007243;0.00931959;0.006771;0.009271;300;1;1;1;300;109;0.005156;0.17375;132;348;0.007708
"Inl_DrawOpaqueObjects";0.007344;0.005104;0.038437;337;120;211;8;8;2.29410899057984;0.00764703;0.006823;0.007916;300;1;1;1;300;109;0.005104;0.038437;120;211;0.006563
"UnityEngine.InputModule.dll!UnityEngineInternal.Input::NativeInputSystem.ShouldRunUpdate() [Invoke]";0.007187;0.005001;0.022812;321;214;163;3;4;2.23962799453875;0.007465427;0.006458;0.007968999;808;3;2;3;300;109;0.00026;0.019635;131;163;0.006198
"ScheduleShadowSplitMasksComputation";0.007136;0.004636;0.064792;172;118;403;8;8;2.28483699448407;0.007616123;0.006562;0.007656;300;1;1;1;300;109;0.004636;0.064792;118;403;0.005156
"Inl_UniversalRenderPipeline.CreateLightData";0.007083;0.004687;0.027291;247;132;261;8;8;2.20869099441916;0.007362303;0.006458;0.007813;300;1;1;1;300;109;0.004687;0.027291;132;261;0.008281
"Update.ScriptRunDelayedTasks";0.006927;0.005521;0.104687;406;251;295;2;2;2.30682798428461;0.007689427;0.006407;0.007396;300;1;1;1;300;109;0.005521;0.104687;251;295;0.005781
"Shadows.CullDirectionalShadowCasters";0.006667;0.004584;0.060468;136;150;389;10;10;2.1943849939853;0.007314617;0.00599;0.007604;300;1;1;1;300;109;0.004584;0.060468;150;389;0.008333
"VolumeManager.Update";0.006563;0.003698;0.040208;406;315;366;7;7;2.28036799351685;0.007601227;0.006042;0.00823;300;1;1;1;300;109;0.003698;0.040208;315;366;0.005209
"Inl_UpdateReflectionProbeAtlas";0.006145;0.004844;0.060885;138;133;249;10;10;2.02348999446258;0.006744967;0.005781;0.006666;300;1;1;1;300;109;0.004844;0.060885;133;249;0.005521
"EarlyUpdate.PollPlayerConnection";0.006042;0.004427;0.25849;207;135;408;2;2;2.90589098958299;0.009686303;0.005521;0.006667;300;1;1;1;300;109;0.004427;0.25849;135;408;0.006302
"FixedUpdate.Physics2DFixedUpdate";0.00599;0.004584;0.028282;344;246;160;2;2;1.3396989936009;0.006440861;0.005573;0.006927;208;1;1;1;208;110;0.004584;0.028282;246;160;0.005833
"UnityEngine.CoreModule.dll!UnityEngine::UnitySynchronizationContext.ExecuteTasks() [Invoke]";0.005886;0.004583;0.103646;239;231;295;3;3;1.98801499744877;0.006626717;0.005469;0.006354;300;1;1;1;300;109;0.004583;0.103646;231;295;0.005
"PostLateUpdate.PlayerUpdateCanvases";0.005886;0.004323;0.046823;247;121;310;2;2;1.89098699158058;0.00630329;0.005365;0.006718;300;1;1;1;300;109;0.004323;0.046823;121;310;0.005156
"PostLateUpdate.MemoryFrameMaintenance";0.005885;0.004271;0.036198;241;283;230;2;2;1.93561799405143;0.00645206;0.005365;0.006979;300;1;1;1;300;109;0.004271;0.036198;283;230;0.004895
"Audibility computation";0.005312;0.002083;0.048698;274;130;393;5;5;1.68871799577028;0.00562906;0.004583;0.006094;300;1;1;1;300;109;0.002083;0.048698;130;393;0.003177
"Oculus.VR.dll!::OVRSystemPerfMetricsTcpServer.Update() [Invoke]";0.00526;0.00349;0.030312;222;246;252;4;4;1.72578098974191;0.005752604;0.004688;0.006406;300;1;1;1;300;109;0.00349;0.030312;246;252;0.004375
"CullSceneDynamicObjects";0.00526;0.00526;0.00526;374;374;374;11;11;0.00526000000536442;0.00526;0.00526;0.00526;1;1;1;1;1;374;0.00526;0.00526;374;374;0
"PostLateUpdate.UpdateAllRenderers";0.005053;0.003854;0.034583;340;119;268;2;2;1.68004799308255;0.00560016;0.004739;0.005781;300;1;1;1;300;109;0.003854;0.034583;119;268;0.004218
"CompileRenderGraph";0.005052;0.002812;0.052917;136;133;148;7;7;1.71156399068423;0.005705213;0.004323;0.006198;300;1;1;1;300;109;0.002812;0.052917;133;148;0.004688
"Inl_DrawTransparentObjects";0.004948;0.003437;0.055781;402;123;113;8;8;1.61302999476902;0.005376766;0.004584;0.005365;300;1;1;1;300;109;0.003437;0.055781;123;113;0.004062
"Inl_Setup Main Shadowmap";0.004843;0.003385;0.021198;312;123;255;9;9;1.51842899923213;0.00506143;0.004479;0.005365;300;1;1;1;300;109;0.003385;0.021198;123;255;0.004688
"PostLateUpdate.EnlightenRuntimeUpdate";0.004531;0.003438;0.032969;321;129;374;2;2;1.50130899786018;0.005004363;0.004218;0.005365;300;1;1;1;300;109;0.003438;0.032969;129;374;0.003698
"Shadows.ExtractShaderPassContext";0.004479;0.002864;0.033959;262;124;391;12;12;1.49171399557963;0.00497238;0.003958;0.005052;300;1;1;1;300;109;0.002864;0.033959;124;391;0.004271
"DestroyCullResults";0.004323;0.002865;0.047448;242;117;342;3;3;1.50203799200244;0.005006793;0.003854;0.005052;300;1;1;1;300;109;0.002865;0.047448;117;342;0.004167
"Inl_UniversalRenderPipeline.GetMainLightIndex";0.004323;0.002396;0.02474;355;132;261;9;9;1.36136299278587;0.004537877;0.003907;0.004844;300;1;1;1;300;109;0.002396;0.02474;132;261;0.005209
"EarlyUpdate.UpdatePreloading";0.004271;0.002708;0.012239;342;190;250;2;2;1.32951099751517;0.004431703;0.003907;0.004688;300;1;1;1;300;109;0.002708;0.012239;190;250;0.004115
"InputSystem.onBeforeUpdate";0.004218;0.002864;0.018751;170;201;399;4;5;1.33704599720659;0.00445682;0.003802;0.004843;600;2;2;2;300;109;0.000729;0.015209;118;399;0.003542
"UIEvents.WillRenderCanvases";0.004063;0.002917;0.008802;213;227;202;3;3;1.28062199661508;0.00426874;0.003698;0.004635;300;1;1;1;300;109;0.002917;0.008802;227;202;0.00375
"PostLateUpdate.PlayerSendFrameComplete";0.004063;0.002031;0.051771;221;132;393;2;2;1.50004999595694;0.005000167;0.003541;0.004947;300;1;1;1;300;109;0.002031;0.051771;132;393;0.003438
"Loading.UpdatePreloading";0.004062;0.002604;0.012135;199;190;250;3;3;1.25177999795415;0.0041726;0.003698;0.004427;300;1;1;1;300;109;0.002604;0.012135;190;250;0.003854
"Inl_LightCookies";0.00401;0.0025;0.030782;364;119;379;10;10;1.33615199592896;0.00445384;0.003698;0.004479;300;1;1;1;300;109;0.0025;0.030782;119;379;0.003698
"Inl_ScriptableRenderer.SetupCullingParameters";0.003958;0.002448;0.017968;221;129;327;7;7;1.24490299751051;0.004149677;0.003542;0.004583;300;1;1;1;300;109;0.002448;0.017968;129;327;0.003646
"meta.xr.mrutilitykit.dll!Meta.XR.MRUtilityKit::MRUKRoom.Update() [Invoke]";0.003854;0.002656;0.028021;288;355;191;4;4;1.20786299486645;0.00402621;0.003542;0.004167;300;1;1;1;300;109;0.002656;0.028021;355;191;0.003385
"GeneralConnection.Poll";0.003854;0.002708;0.10099;402;211;173;5;5;1.37448199070059;0.004581606;0.00349;0.00427;300;1;1;1;300;109;0.002708;0.10099;211;173;0.004063
"Inl_Set Motion Vector Global Matrices";0.003802;0.002865;0.063438;248;123;172;8;8;1.2734339912422;0.00424478;0.003542;0.004167;300;1;1;1;300;109;0.002865;0.063438;123;172;0.003646
"PreUpdate.InputForUIUpdate";0.00375;0.002448;0.025781;162;335;296;2;2;1.20081999641843;0.004002733;0.003385;0.004115;300;1;1;1;300;109;0.002448;0.025781;335;296;0.003646
"PlayerEndOfFrame";0.00375;0.001875;0.047969;207;132;393;3;3;1.39187299611513;0.004639577;0.003229;0.004532;300;1;1;1;300;109;0.001875;0.047969;132;393;0.003177
"Oculus.VR.dll!::OVRManager.FixedUpdate() [Invoke]";0.003698;0.002083;0.055937;193;130;279;4;4;0.8314029998146;0.00399713;0.003125;0.004114;208;1;1;1;208;110;0.002083;0.055937;130;279;0.00375
"EarlyUpdate.ScriptRunDelayedStartupFrame";0.003646;0.002292;0.010469;297;335;142;2;2;1.15869299485348;0.00386231;0.003386;0.004062;300;1;1;1;300;109;0.002292;0.010469;335;142;0.003282
"PostLateUpdate.PresentAfterDraw";0.003594;0.002552;0.047812;206;132;393;2;2;1.27948899636976;0.004264963;0.00323;0.004219;300;1;1;1;300;109;0.002552;0.047812;132;393;0.003282
"PreUpdate.AIUpdate";0.00349;0.002292;0.018802;281;352;348;2;2;1.14349499600939;0.00381165;0.003281;0.00401;300;1;1;1;300;109;0.002292;0.018802;352;348;0.00349
"UGUI.Rendering.UpdateBatches";0.003489;0.002448;0.007604;221;227;202;4;4;1.09020899562165;0.00363403;0.003125;0.003907;300;1;1;1;300;109;0.002448;0.007604;227;202;0.003177
"CoroutinesDelayedCalls";0.003489;0.002084;0.016354;277;119;393;3;4;1.08276999554801;0.003609233;0.003125;0.003855;1408;5;4;5;300;109;5.2E-05;0.012916;127;393;0.0025
"TransformChangeSystem";0.003385;0.001615;0.063333;231;181;330;3;9;1.064811993474;0.003549373;0.002655;0.003906;2332;9;5;9;300;109;5.2E-05;0.060573;124;330;0.003123
"ReflectionProbeAnchorManagerUpdate";0.003281;0.001875;0.025573;252;120;283;8;10;1.15072699692973;0.003835757;0.002969;0.003595;900;3;3;3;300;109;0.000208;0.023646;117;283;0.002865
"UpdatePreloading";0.003229;0.001875;0.011354;328;133;250;4;4;1.01192599569913;0.003373087;0.002969;0.003542;300;1;1;1;300;109;0.001875;0.011354;133;250;0.003229
"Physics2D.Simulate";0.003229;0.0025;0.006302;331;127;131;3;3;0.713442998705432;0.003430014;0.003021;0.003646;208;1;1;1;208;110;0.0025;0.006302;127;131;0.003073
"PreLateUpdate.Physics2DLateUpdate";0.003229;0.001979;0.038542;362;201;398;2;2;1.04406299465336;0.00348021;0.002864;0.00375;300;1;1;1;300;109;0.001979;0.038542;201;398;0.0025
"Inl_Begin XR Rendering";0.003125;0.002031;0.010989;273;123;288;8;8;1.00005999649875;0.003333533;0.002969;0.003438;300;1;1;1;300;109;0.002031;0.010989;123;288;0.002813
"UnityEngine.IMGUIModule.dll!UnityEngine::Event.Internal_MakeMasterEventCurrent() [Invoke]";0.003125;0.001927;0.032083;286;132;212;5;5;1.06025699782185;0.00353419;0.002813;0.003802;300;1;1;1;300;109;0.001927;0.032083;132;212;0.003073
"EarlyUpdate.PlayerCleanupCachedData";0.003021;0.002291;0.110729;239;128;407;2;2;1.03233899758197;0.00344113;0.002761;0.003333;300;1;1;1;300;109;0.002291;0.110729;128;407;0.002917
"Shadows.CullingCallbacks";0.003021;0.001823;0.008907;248;133;336;8;8;0.921670997748151;0.003072237;0.002656;0.003334;300;1;1;1;300;109;0.001823;0.008907;133;336;0.002135
"Initialization.DirectorSampleTime";0.002969;0.001875;0.012761;258;216;236;2;2;0.930246997857466;0.003100823;0.002656;0.003282;300;1;1;1;300;109;0.001875;0.012761;216;236;0.0025
"PreUpdate.WindUpdate";0.002969;0.001875;0.065885;340;228;395;2;2;1.02561799541581;0.003418727;0.00276;0.003334;300;1;1;1;300;109;0.001875;0.065885;228;395;0.00276
"Cleanup Unused Cached Data";0.002916;0.002187;0.110469;278;128;407;3;3;0.995041998801753;0.003316807;0.002656;0.003177;300;1;1;1;300;109;0.002187;0.110469;128;407;0.002812
"Graphics.PresentAndSync";0.002761;0.001979;0.04323;254;118;264;3;3;1.00032200058922;0.003334407;0.0025;0.003229;300;1;1;1;300;109;0.001979;0.04323;118;264;0.002552
"Inl_End XR Rendering";0.00276;0.001979;0.029531;226;179;114;8;8;0.898709998931736;0.0029957;0.0025;0.003021;300;1;1;1;300;109;0.001979;0.029531;179;114;0.0025
"UnityEngine.XRModule.dll!UnityEngine.XR::InputTracking.InvokeTrackingEvent() [Invoke]";0.00276;0.002447;0.005521;265;204;214;3;3;0.0190099999308586;0.003168333;0.0025;0.002865;6;1;1;1;6;144;0.002447;0.005521;204;214;0
"PlayerCleanupCachedData";0.002708;0.002031;0.110312;172;128;407;4;4;0.931455999147147;0.003104853;0.002448;0.002969;300;1;1;1;300;109;0.002031;0.110312;128;407;0.002656
"FindActiveLights";0.002657;0.002031;0.04599;155;130;330;10;10;0.943554002093151;0.00314518;0.002396;0.003177;300;1;1;1;300;109;0.002031;0.04599;130;330;0.002552
"PostLateUpdate.PlayerEmitCanvasGeometry";0.002656;0.00177;0.007396;163;205;374;2;2;0.841546997777186;0.002805157;0.002448;0.003021;300;1;1;1;300;109;0.00177;0.007396;205;374;0.00224
"Application.Integrate Assets in Background";0.002656;0.001562;0.010886;340;133;250;5;5;0.833922999212518;0.002779743;0.002448;0.002917;300;1;1;1;300;109;0.001562;0.010886;133;250;0.002552
"Profiler.SerializeStats";0.002604;0.001823;0.037448;253;120;360;5;5;0.908643998322077;0.003028813;0.002396;0.003125;300;1;1;1;300;109;0.001823;0.037448;120;360;0.002031
"DrawOpaqueObjects";0.002552;0.001614;0.029531;175;117;209;8;8;0.845526999095455;0.002818423;0.002291;0.00276;300;1;1;1;300;109;0.001614;0.029531;117;209;0.002136
"Director.SampleTime";0.002552;0.001615;0.011718;306;216;236;3;3;0.806610997882672;0.002688703;0.00224;0.002865;300;1;1;1;300;109;0.001615;0.011718;216;236;0.002188
"PostLateUpdate.UpdateRectTransform";0.002552;0.001406;0.004688;320;124;329;2;2;0.783372997655533;0.002611243;0.002083;0.00302;300;1;1;1;300;109;0.001406;0.004688;124;329;0.001719
"AudioProfiler.CaptureFrame";0.002448;0.001406;0.017656;171;245;363;6;6;0.796457002288662;0.002654857;0.002188;0.00276;300;1;1;1;300;109;0.001406;0.017656;245;363;0.002396
"UnityEngine.InputForUIModule.dll!UnityEngine.InputForUI::EventProvider.NotifyUpdate() [Invoke]";0.002448;0.001615;0.016615;225;247;401;3;3;0.77568499953486;0.002585617;0.002187;0.002709;300;1;1;1;300;109;0.001615;0.016615;247;401;0.0025
"Oculus.VR.dll!::OVRPassthroughLayer.Update() [Invoke]";0.002448;0.001667;0.007084;269;121;396;4;4;0.762914998573251;0.00254305;0.002239;0.002708;300;1;1;1;300;109;0.001667;0.007084;121;396;0.002031
"SpeedTreeWindManager.Update";0.002396;0.001458;0.064636;230;228;395;3;3;0.835311998846009;0.002784373;0.002187;0.002709;300;1;1;1;300;109;0.001458;0.064636;228;395;0.002135
"FixedUpdate.AudioFixedUpdate";0.002344;0.001823;0.006354;149;246;185;2;2;0.519428998581134;0.002497255;0.002188;0.002552;208;1;1;1;208;110;0.001823;0.006354;246;185;0.002292
"Device.Present";0.002344;0.001615;0.042708;153;118;264;4;4;0.857860996737145;0.002859537;0.002032;0.002708;300;1;1;1;300;109;0.001615;0.042708;118;264;0.002136
"Physics.RunSimulationStage";0.002344;0.00177;0.005625;153;212;213;3;3;0.506296998006292;0.00243412;0.002135;0.002604;208;1;1;1;208;110;0.00177;0.005625;212;213;0.002083
"Physics2D.CollectProfileInfo";0.002188;0.001094;0.035989;187;306;398;3;3;0.712968000909314;0.00237656;0.001927;0.002552;300;1;1;1;300;109;0.001094;0.035989;306;398;0.001667
"PostLateUpdate.XRPostLateUpdate";0.002188;0.001406;0.017344;218;228;365;2;2;0.730206999694929;0.002434023;0.001979;0.002552;300;1;1;1;300;109;0.001406;0.017344;228;365;0.001667
"Inl_Setup Debug Properties";0.002188;0.001459;0.010156;234;132;290;8;8;0.701979999197647;0.002339933;0.001979;0.0025;300;1;1;1;300;109;0.001459;0.010156;132;290;0.002292
"Physics.CalculateChangedColliderTransforms";0.002136;0.00151;0.061771;327;278;330;5;5;0.531248002545908;0.002554077;0.001979;0.002448;208;1;1;1;208;110;0.00151;0.061771;278;330;0.001927
"LOD.ComputeLOD";0.002135;0.001355;0.09849;370;236;392;9;10;0.769390999834286;0.002564637;0.001875;0.002448;600;2;2;2;300;109;0.000261;0.049792;204;392;0.001615
"End XR Rendering";0.002083;0.00151;0.019375;193;126;317;8;8;0.724794999114238;0.002415983;0.001875;0.002605;300;1;1;1;300;109;0.00151;0.019375;126;317;0.001979
"Physics.Interpolation";0.002083;0.001198;0.021562;193;352;268;3;3;0.68062999889662;0.002268767;0.001875;0.002292;508;2;1;2;300;109;0.000104;0.02125;120;268;0.001876
"Initialize Frame";0.002032;0.001406;0.025521;311;215;352;8;8;0.696976001607254;0.002323253;0.001875;0.002396;300;1;1;1;300;109;0.001406;0.025521;215;352;0.001667
"FixedUpdate.DirectorFixedUpdate";0.002031;0.001406;0.006562;209;127;360;2;2;0.450105000287294;0.002163966;0.001823;0.002344;208;1;1;1;208;110;0.001406;0.006562;127;360;0.001875
"InputProcess";0.00198;0.001197;0.003803;131;201;127;2;2;0.617137998950056;0.002057127;0.001823;0.002239;600;2;2;2;300;109;5.2E-05;0.003646;284;127;0.001407
"EndDynamicVBOFrame";0.001927;0.001146;0.041614;212;270;264;5;5;0.716571998666041;0.002388573;0.001667;0.002187;300;1;1;1;300;109;0.001146;0.041614;270;264;0.001718
"Connections.Process";0.001823;0.001146;0.025937;191;123;408;6;6;0.584168999572285;0.00194723;0.001666;0.00198;300;1;1;1;300;109;0.001146;0.025937;123;408;0.001615
"Camera.Render";0.001823;0.001198;0.038073;208;236;372;3;3;0.633436999400146;0.002111457;0.001615;0.002083;300;1;1;1;300;109;0.001198;0.038073;236;372;0.00151
"CullObjectsWithoutUmbra";0.001823;0.001823;0.001823;374;374;374;12;12;0.00182300002779812;0.001823;0.001823;0.001823;1;1;1;1;1;374;0.001823;0.001823;374;374;0
"EarlyUpdate.RendererNotifyInvisible";0.001771;0.00099;0.050261;203;268;172;2;2;0.60062399902381;0.00200208;0.001511;0.002032;300;1;1;1;300;109;0.00099;0.050261;268;172;0.002031
"GarbageCollector.CollectIncremental";0.001771;0.001198;0.004428;242;133;178;3;3;0.555097000556998;0.001850323;0.001666;0.00198;300;1;1;1;300;109;0.001198;0.004428;133;178;0.00151
"Inl_Forward+ Complete";0.001771;0.001041;0.028021;350;132;142;10;10;0.571666000061668;0.001905553;0.001614;0.001979;300;1;1;1;300;109;0.001041;0.028021;132;142;0.001354
"Find dependency chain";0.001771;0.000312;0.026355;359;230;408;10;11;0.591041997529828;0.00197014;0.001458;0.002135;837;3;1;5;300;109;5.2E-05;0.025781;145;408;0.001563
"TerrainManager.CullAllTerrains";0.001771;0.001198;0.072448;362;121;380;8;8;0.646940000005998;0.002156467;0.001615;0.002083;300;1;1;1;300;109;0.001198;0.072448;121;380;0.001615
"AddDirectionalLights";0.001719;0.001094;0.005052;170;153;269;10;10;0.535003999597393;0.001783347;0.001511;0.001927;300;1;1;1;300;109;0.001094;0.005052;153;269;0.001719
"Update.DirectorUpdate";0.001718;0.000885;0.028958;340;150;302;2;2;0.605882997449953;0.00201961;0.001302;0.0025;300;1;1;1;300;109;0.000885;0.028958;150;302;0.000989
"AddCustomActiveLocalLights";0.001667;0.00125;0.031875;306;120;230;10;10;0.563630998018198;0.00187877;0.001563;0.001927;300;1;1;1;300;109;0.00125;0.031875;120;230;0.001562
"UnityEngine.CoreModule.dll!UnityEngine.Rendering::OnDemandRendering.GetRenderFrameInterval() [Invoke]";0.001667;0.001041;0.024167;402;215;170;2;2;0.556406998257444;0.00185469;0.00151;0.001927;600;2;2;2;300;109;0.000104;0.023958;113;170;0.002031
"Renderers.OncePerFrameUpdate";0.001666;0.000937;0.030625;207;201;268;3;3;0.567605998134241;0.00189202;0.001459;0.001875;300;1;1;1;300;109;0.000937;0.030625;201;268;0.001511
"Physics2D.SyncTransformChanges";0.001666;0.001094;0.002917;213;246;384;4;4;0.350573000614531;0.001685447;0.00151;0.001875;208;1;1;1;208;110;0.001094;0.002917;246;384;0.001406
"FrameEvents.XREndFrame";0.001614;0.000834;0.03625;264;132;274;4;4;0.680006998649333;0.00226669;0.001355;0.001927;300;1;1;1;300;109;0.000834;0.03625;132;274;0.00125
"PrepareUpdateRendererBoundingVolumes";0.001562;0.000937;0.005729;200;117;374;3;10;0.479840997606516;0.00159947;0.001356;0.001719;1200;4;4;4;300;109;0.000104;0.003646;138;202;0.001511
"UGUI.Rendering.EmitWorldScreenspaceCameraGeometry";0.001562;0.00099;0.006146;348;205;374;4;4;0.490208996430738;0.00163403;0.001355;0.001771;600;2;2;2;300;109;0.000364;0.005104;123;374;0.001302
"PreLateUpdate.ConstraintManagerUpdate";0.001511;0.000833;0.021979;185;355;322;2;2;0.483801999536809;0.001612673;0.001406;0.001666;300;1;1;1;300;109;0.000833;0.021979;355;322;0.001146
"ReflectionProbeAnchorPositionUpdate";0.00151;0.000885;0.014792;268;120;368;9;11;0.476500996388495;0.001588337;0.001354;0.001718;900;3;3;3;300;109;0.000104;0.013698;117;368;0.001354
"TimeManager.Update";0.00151;0.000781;0.003542;350;117;178;3;3;0.461035999353044;0.001536787;0.001303;0.001719;300;1;1;1;300;109;0.000781;0.003542;117;178;0.001354
"UIEvents.CanvasManagerRenderOverlays";0.001458;0.000729;0.016667;315;129;336;3;3;0.497444997134153;0.00165815;0.00125;0.001719;300;1;1;1;300;109;0.000729;0.016667;129;336;0.001302
"Initialization.UpdateCameraMotionVectors";0.001406;0.000729;0.006823;149;170;236;2;2;0.432500999013428;0.00144167;0.001197;0.001563;300;1;1;1;300;109;0.000729;0.006823;170;236;0.001042
"PrepareSceneNodesJob";0.001406;0.001406;0.001719;391;391;253;12;12;0.00312500004656613;0.0015625;0.001406;0.001406;2;1;1;1;2;253;0.001406;0.001719;391;253;0
"JobHandle.Complete";0.001354;0.000729;0.027552;197;132;142;11;11;0.437025998369791;0.001456753;0.001198;0.00151;300;1;1;1;300;109;0.000729;0.027552;132;142;0.00099
"UnityEngine.CoreModule.dll!UnityEngine.Rendering::SupportedRenderingFeatures.IsLightmapBakeTypeSupportedByRef() [Invoke]";0.001354;0.000885;0.008854;231;130;374;3;3;0.431306998478249;0.00143769;0.001198;0.001562;300;1;1;1;300;109;0.000885;0.008854;130;374;0.001198
"PostLateUpdate.UpdateAllSkinnedMeshes";0.001354;0.000989;0.018333;259;150;386;2;2;0.468125998158939;0.00156042;0.00125;0.001614;300;1;1;1;300;109;0.000989;0.018333;150;386;0.001198
"UnityEngine.UIModule.dll!UnityEngine::Canvas.SendPreWillRenderCanvases() [Invoke]";0.001354;0.000885;0.002709;302;227;202;5;5;0.433280000113882;0.001444267;0.001198;0.001563;300;1;1;1;300;109;0.000885;0.002709;227;202;0.00151
"UnityEngine.CoreModule.dll!UnityEngine.Rendering::RenderPipelineManager.HandleRenderPipelineChange() [Invoke]";0.001353;0.000885;0.002864;226;143;385;3;3;0.412891997060797;0.001376307;0.001197;0.00151;600;2;2;2;300;109;0.000104;0.002656;119;385;0.001199
"Director.PrepareFrame";0.001304;0.0007799999;0.002813;342;124;324;3;3;0.405094998008281;0.001350317;0.001196;0.00146;1916;7;5;7;300;109;0;0.001458;121;348;0.000937
"Update.ScriptRunDelayedDynamicFrameRate";0.001302;0.000729;0.004115;221;179;128;2;2;0.414003999030683;0.001380013;0.001146;0.001511;300;1;1;1;300;109;0.000729;0.004115;179;128;0.001042
"PostLateUpdate.DirectorLateUpdate";0.001302;0.000833;0.003334;223;123;365;2;2;0.406301998358686;0.00135434;0.001094;0.00151;300;1;1;1;300;109;0.000833;0.003334;123;365;0.000885
"Oculus.VR.dll!::OVRPassthroughLayer.LateUpdate() [Invoke]";0.001302;0.000781;0.003802;224;117;396;4;4;0.39936999877682;0.001331233;0.001197;0.001407;300;1;1;1;300;109;0.000781;0.003802;117;396;0.00099
"PostLateUpdate.VFXUpdate";0.001302;0.000729;0.025521;263;149;400;2;2;0.442544999357779;0.00147515;0.001146;0.00151;300;1;1;1;300;109;0.000729;0.025521;149;400;0.001771
"PreUpdate.IMGUISendQueuedEvents";0.00125;0.000937;0.02026;256;127;347;2;2;0.422662999597378;0.001408877;0.001146;0.001458;300;1;1;1;300;109;0.000937;0.02026;127;347;0.001042
"PrepareSceneNodesCombineJob";0.00125;0.000677;0.001823;292;159;190;12;12;0.0429190000286326;0.001262324;0.001146;0.001406;34;1;1;1;34;116;0.000677;0.001823;159;190;0
"Set Motion Vector Global Matrices";0.001198;0.00073;0.044063;333;129;300;8;8;0.484416995197535;0.001614723;0.001042;0.001459;300;1;1;1;300;109;0.00073;0.044063;129;300;0.001146
"PostLateUpdate.XRPreEndFrame";0.001146;0.000625;0.032084;382;132;167;2;2;0.3888139979681;0.001296047;0.00099;0.001303;300;1;1;1;300;109;0.000625;0.032084;132;167;0.00099
"UIEvents.CanvasManagerEmitOffScreenGeometry";0.001145;0.000625;0.004427;378;123;228;3;3;0.359792997245677;0.00119931;0.00099;0.001302;300;1;1;1;300;109;0.000625;0.004427;123;228;0.000937
"CullResultsToNativeArrays";0.001093;0.000729;0.008646;363;122;389;8;8;0.342131996992975;0.00114044;0.000989;0.001198;300;1;1;1;300;109;0.000729;0.008646;122;389;0.00125
"Connections.Poll";0.001042;0.000625;0.097552;189;132;173;6;6;0.439886998792645;0.00146629;0.000886;0.001198;300;1;1;1;300;109;0.000625;0.097552;132;173;0.001719
"EarlyUpdate.UpdateInputManager";0.001042;0.000521;0.008125;306;182;264;2;2;0.334476996737067;0.001114923;0.000937;0.001198;300;1;1;1;300;109;0.000521;0.008125;182;264;0.001198
"EarlyUpdate.UpdateTextureStreamingManager";0.001042;0.000573;0.035833;349;196;110;2;2;0.398749997490086;0.001329167;0.00099;0.001198;300;1;1;1;300;109;0.000573;0.035833;196;110;0.00099
"CullSceneDynamicObjectsCombineJob";0.001042;0.001042;0.001042;374;374;374;11;11;0.00104200001806021;0.001042;0.001042;0.001042;1;1;1;1;1;374;0.001042;0.001042;374;374;0
"UIEvents.CanvasmanagerEmitOnScreenGeometry";0.001041;0.000625;0.00526;226;120;374;3;3;0.320510997786187;0.00106837;0.000885;0.001146;300;1;1;1;300;109;0.000625;0.00526;120;374;0.000885
"EarlyUpdate.DispatchEventQueueEvents";0.001041;0.000572;0.002187;333;304;135;2;2;0.323582996032201;0.00107861;0.000938;0.001146;300;1;1;1;300;109;0.000572;0.002187;304;135;0.000886
"Profiler.FlushFileIOCounters";0.00099;0.000468;0.027344;160;304;386;4;4;0.37138999873423;0.001237967;0.000834;0.001198;300;1;1;1;300;109;0.000468;0.027344;304;386;0.001041
"UI.RenderOverlays";0.00099;0.000521;0.016198;186;121;336;4;4;0.353640998364426;0.001178803;0.000885;0.001197;300;1;1;1;300;109;0.000521;0.016198;121;336;0.000781
"UnityEngine.CoreModule.dll!UnityEngine.Rendering::RenderPipelineManager.GetCurrentPipelineAssetType() [Invoke]";0.00099;0.000417;0.058125;194;327;351;3;3;0.380828997789649;0.00126943;0.000885;0.001198;300;1;1;1;300;109;0.000417;0.058125;327;351;0.00099
"LightCookies";0.00099;0.000677;0.037031;244;126;289;9;9;0.385096995101776;0.001283657;0.000886;0.001146;300;1;1;1;300;109;0.000677;0.037031;126;289;0.000781
"UnityEngine.AIModule.dll!UnityEngine.AI::NavMesh.Internal_CallOnNavMeshPreUpdate() [Invoke]";0.00099;0.000469;0.002448;344;352;132;3;3;0.321822998143034;0.001072743;0.000886;0.001146;300;1;1;1;300;109;0.000469;0.002448;352;132;0.001094
"UnityEngine.CoreModule.dll!UnityEngine.Rendering::SupportedRenderingFeatures.IsUIOverlayRenderedBySRP() [Invoke]";0.000938;0.000469;0.054584;274;119;115;3;3;0.382657998416107;0.001275527;0.000833;0.001146;300;1;1;1;300;109;0.000469;0.054584;119;115;0.000885
"Oculus.VR.dll!::OVRHeadsetEmulator.Update() [Invoke]";0.000937;0.000573;0.002708;168;115;365;4;4;0.297707998368423;0.0009923599;0.000782;0.001094;300;1;1;1;300;109;0.000573;0.002708;115;365;0.000833
"Inl_ScriptableRenderer.InternalFinishRenderingCommon";0.000886;0.000469;0.008854;184;355;286;7;7;0.293701997870812;0.0009790066;0.000781;0.001042;300;1;1;1;300;109;0.000469;0.008854;355;286;0.000781
"Physics2D.SyncColliderTransformChanges";0.000886;0.000573;0.001771;248;246;195;5;5;0.194113998732064;0.0009332404;0.000782;0.001041;208;1;1;1;208;110;0.000573;0.001771;246;195;0.000781
"PreUpdate.PhysicsUpdate";0.000886;0.000468;0.018489;314;159;348;2;2;0.724943992332555;0.00241648;0.000729;0.005052;300;1;1;1;300;109;0.000468;0.018489;159;348;0.000677
"PreLateUpdate.AIUpdatePostScript";0.000885;0.000573;0.003073;164;121;120;2;2;0.271776997251436;0.0009059233;0.000781;0.000938;300;1;1;1;300;109;0.000573;0.003073;121;120;0.000834
"EarlyUpdate.Physics2DEarlyUpdate";0.000885;0.000521;0.005104;170;123;396;2;2;0.35765499889385;0.001192183;0.000729;0.001719;300;1;1;1;300;109;0.000521;0.005104;123;396;0.000781
"PostLateUpdate.ScriptRunDelayedDynamicFrameRate";0.000885;0.000521;0.002448;326;117;128;2;2;0.270330997765996;0.0009011033;0.000781;0.000989;300;1;1;1;300;109;0.000521;0.002448;117;128;0.000573
"SpeedTreeWindManager.UpdateGlobalAndLocalWinds";0.000885;0.000469;0.003958;344;228;197;4;4;0.284792998136254;0.00094931;0.000781;0.001042;300;1;1;1;300;109;0.000469;0.003958;228;197;0.000938
"EarlyUpdate.UpdateAsyncInstantiate";0.000885;0.000365;0.01875;394;196;363;2;2;0.290056998317596;0.0009668567;0.000833;0.000989;300;1;1;1;300;109;0.000365;0.01875;196;363;0.000834
"Profiler.CollectGIStats";0.000834;0.000312;0.009167;267;403;302;5;5;0.280106997670373;0.00093369;0.000729;0.00099;300;1;1;1;300;109;0.000312;0.009167;403;302;0.000833
"Director.ProcessFrame";0.0008339999;0.000364;0.008125001;398;211;191;3;3;0.264860998664517;0.00088287;0.000729;0.000989;1916;7;5;7;300;109;0;0.007656;119;191;0.000728
"PostLateUpdate.TriggerEndOfFrameCallbacks";0.000833;0.000417;0.003958;408;270;190;2;2;0.280981998337666;0.0009366067;0.000781;0.00099;300;1;1;1;300;109;0.000417;0.003958;270;190;0.000729
"PostLateUpdate.UpdateVideoTextures";0.000782;0.000469;0.013333;144;213;375;2;2;0.270374998101033;0.00090125;0.000678;0.000937;300;1;1;1;300;109;0.000469;0.013333;213;375;0.000678
"Initialization.AsyncUploadTimeSlicedUpdate";0.000782;0.000573;0.011354;399;131;405;2;2;0.282918998971581;0.0009430634;0.000729;0.000937;300;1;1;1;300;109;0.000573;0.011354;131;405;0.000729
"addCustomLights.Invoke";0.000782;0.0005199999;0.001354;299;140;371;11;11;0.244397998088971;0.00081466;0.000728;0.0008859999;2100;7;7;7;300;109;0;0.000834;126;371;0.0006249999
"PostLateUpdate.SortingGroupsUpdate";0.000781;0.000365;0.001875;137;283;319;2;2;0.240930998290423;0.0008031033;0.000677;0.000886;300;1;1;1;300;109;0.000365;0.001875;283;319;0.000521
"Inl_RenderPipeline.EndCameraRendering";0.000781;0.00026;0.004948;295;366;363;6;6;0.250626997847576;0.0008354233;0.000625;0.000938;300;1;1;1;300;109;0.00026;0.004948;366;363;0.000833
"CleanUp.TextRenderingGarbageCollect";0.00073;0.000417;0.00151;149;253;314;5;5;0.228329998994013;0.0007611;0.000677;0.000833;300;1;1;1;300;109;0.000417;0.00151;253;314;0.000781
"RenderTexture.GarbageCollectTemporary";0.00073;0.000469;0.002292;239;130;387;5;5;0.236230998387327;0.0007874367;0.000677;0.000885;300;1;1;1;300;109;0.000469;0.002292;130;387;0.00073
"GlobalEventQueue";0.00073;0.000468;0.001666;305;304;379;3;3;0.234373998595402;0.0007812466;0.000677;0.000834;300;1;1;1;300;109;0.000468;0.001666;304;379;0.000625
"ConstraintManager::Update";0.00073;0.000573;0.001563;400;121;398;3;3;0.234471998934168;0.0007815734;0.000677;0.000833;300;1;1;1;300;109;0.000573;0.001563;121;398;0.000573
"Preload Single Step";0.00073;0.00052;0.009063;406;380;250;6;6;0.243446998880245;0.00081149;0.000677;0.000833;300;1;1;1;300;109;0.00052;0.009063;380;250;0.000729
"EarlyUpdate.UnityWebRequestUpdate";0.000729;0.000417;0.040573;143;305;385;2;2;0.264271998574259;0.0008809066;0.000625;0.000833;300;1;1;1;300;109;0.000417;0.040573;305;385;0.000573
"FixedUpdate.DirectorFixedSampleTime";0.000729;0.000521;0.001979;344;123;185;2;2;0.166040998941753;0.000798274;0.000677;0.000834;208;1;1;1;208;110;0.000521;0.001979;123;185;0.000729
"SoundManager.Update";0.000729;0.000364;0.011198;354;148;290;3;3;0.235005998780252;0.0007833533;0.000625;0.000834;300;1;1;1;300;109;0.000364;0.011198;148;290;0.000625
"FindDirectionalShadowCastingLights";0.000677;0.000468;0.001927;226;123;288;10;10;0.215838998468826;0.0007194633;0.000573;0.000781;300;1;1;1;300;109;0.000468;0.001927;123;288;0.000573
"PostLateUpdate.GUIClearEvents";0.000677;0.000312;0.001719;274;133;120;2;2;0.216663998551667;0.0007222134;0.000573;0.000782;300;1;1;1;300;109;0.000312;0.001719;133;120;0.000625
"Inl_Setup Additional Shadows";0.000677;0.000416;0.009583;353;138;305;9;9;0.225199998123571;0.0007506667;0.000625;0.000781;300;1;1;1;300;109;0.000416;0.009583;138;305;0.000625
"Flush DSP connections";0.000677;0.000313;0.01875;408;130;180;6;6;0.248231999779819;0.00082744;0.000573;0.000833;300;1;1;1;300;109;0.000313;0.01875;130;180;0.000469
"NavMeshManager";0.000625;0.000364;0.002969;168;188;120;3;3;0.188446998392465;0.0006281566;0.000521;0.000677;300;1;1;1;300;109;0.000364;0.002969;188;120;0.000573
"PreUpdate.Physics2DUpdate";0.000625;0.000364;0.019219;190;123;348;2;2;0.389104998408584;0.001297017;0.000521;0.002291;300;1;1;1;300;109;0.000364;0.019219;123;348;0.000521
"PostLateUpdate.InputEndFrame";0.000625;0.000365;0.014635;296;126;286;2;2;0.21406199876219;0.00071354;0.000573;0.000729;300;1;1;1;300;109;0.000365;0.014635;126;286;0.000677
"AudioManager.FixedUpdate";0.000625;0.000469;0.002292;341;246;185;3;3;0.14417499882984;0.000693149;0.000573;0.00073;208;1;1;1;208;110;0.000469;0.002292;246;185;0.000781
"PostLateUpdate.DirectorRenderImage";0.000625;0.000365;0.021302;342;130;283;2;2;0.222125997766852;0.00074042;0.000573;0.000677;300;1;1;1;300;109;0.000365;0.021302;130;283;0.000468
"SkinnedMeshOncePerFrameUpdate";0.000573;0.000209;0.008073;115;270;387;4;4;0.184277999374899;0.00061426;0.000469;0.000625;300;1;1;1;300;109;0.000209;0.008073;270;387;0.000468
"Update Lights";0.000573;0.000312;0.002084;279;181;209;3;3;0.174007998517482;0.0005800267;0.000469;0.000625;300;1;1;1;300;109;0.000312;0.002084;181;209;0.000416
"PostLateUpdate.PlayerSendFramePostPresent";0.000573;0.00026;0.011563;304;118;372;2;2;0.203158999385778;0.0006771967;0.000469;0.000729;300;1;1;1;300;109;0.00026;0.011563;118;372;0.000729
"PostLateUpdate.ShaderHandleErrors";0.000572;0.00026;0.002135;161;228;393;2;2;0.177652999118436;0.0005921767;0.000469;0.000625;300;1;1;1;300;109;0.00026;0.002135;228;393;0.000469
"EarlyUpdate.ProcessMouseInWindow";0.000521;0.00026;0.001354;177;133;347;2;2;0.163641999271931;0.0005454733;0.000417;0.000625;300;1;1;1;300;109;0.00026;0.001354;133;347;0.000521
"suspendPointHook.Invoke";0.000521;0.00026;0.002032;194;133;179;6;6;0.162879999523284;0.0005429334;0.000468;0.000625;300;1;1;1;300;109;0.00026;0.002032;133;179;0.000573
"EarlyUpdate.ExecuteMainThreadJobs";0.000521;0.000156;0.001198;227;195;317;2;2;0.162500998936594;0.00054167;0.000468;0.000625;300;1;1;1;300;109;0.000156;0.001198;195;317;0.000677
"FindShadowCastingLights";0.000521;0.000312;0.001511;238;140;288;11;11;0.170268999529071;0.0005675633;0.000469;0.000625;300;1;1;1;300;109;0.000312;0.001511;140;288;0.000417
"Inl_RenderPipeline.EndContextRendering";0.000521;0.000208;0.014792;251;132;283;5;5;0.182342999163666;0.00060781;0.000469;0.000625;300;1;1;1;300;109;0.000208;0.014792;132;283;0.001042
"Oculus.VR.dll!::OVRCameraRig.FixedUpdate() [Invoke]";0.000521;0.000365;0.002709;261;126;350;4;4;0.118126999819651;0.0005679183;0.000469;0.000573;208;1;1;1;208;110;0.000365;0.002709;126;350;0.000625
"Physics2D.SyncRigidbodyTransformChanges";0.000521;0.000364;0.001146;295;117;384;5;5;0.111468999733916;0.0005359087;0.000469;0.000573;208;1;1;1;208;110;0.000364;0.001146;117;384;0.000469
"Inl_RenderPipeline.BeginContextRendering";0.000521;0.000156;0.001823;335;122;379;5;5;0.167877999163466;0.0005595933;0.000469;0.000625;300;1;1;1;300;109;0.000156;0.001823;122;379;0.000469
"FixedUpdate.XRFixedUpdate";0.000521;0.000312;0.001094;371;268;367;2;2;0.117446999443928;0.0005646491;0.000469;0.000625;208;1;1;1;208;110;0.000312;0.001094;268;367;0.000468
"PostLateUpdate.ProfilerSynchronizeStats";0.00052;0.00026;0.010104;181;203;377;2;2;0.169838998903288;0.00056613;0.000417;0.000573;300;1;1;1;300;109;0.00026;0.010104;203;377;0.000416
"Terrain.UpdateSplatProperties";0.000469;0.000312;0.003229;191;121;288;9;9;0.153895999188535;0.0005129867;0.000417;0.000573;300;1;1;1;300;109;0.000312;0.003229;121;288;0.000469
"PostLateUpdate.BatchModeUpdate";0.000469;0.000156;0.005469;209;132;393;2;2;0.150822999363299;0.0005027434;0.000365;0.000573;300;1;1;1;300;109;0.000156;0.005469;132;393;0.000625
"FixedUpdate.DirectorFixedUpdatePostPhysics";0.000469;0.000312;0.001562;386;174;330;2;2;0.106558999599656;0.0005123029;0.000468;0.000573;208;1;1;1;208;110;0.000312;0.001562;174;330;0.000313
"QueuePrepareIntegrateMainThreadObjects";0.000468;0.00026;0.001927;149;132;290;9;10;0.143597999645863;0.00047866;0.000416;0.000521;600;2;2;2;300;109;0.000104;0.001667;112;290;0.000469
"PreUpdate.SendMouseEvents";0.000468;0.000312;0.002447;314;129;197;2;2;0.146927999536274;0.00048976;0.000416;0.000521;300;1;1;1;300;109;0.000312;0.002447;129;197;0.000364
"PreLateUpdate.DirectorUpdateAnimationEnd";0.000417;0.00026;0.000885;118;121;399;2;2;0.125621999206487;0.00041874;0.000365;0.000469;300;1;1;1;300;109;0.00026;0.000885;121;399;0.000312
"EarlyUpdate.UpdateAsyncReadbackManager";0.000417;5.2E-05;0.002344;219;329;332;2;2;0.132401999235299;0.00044134;0.000365;0.000469;300;1;1;1;300;109;5.2E-05;0.002344;329;332;0.000521
"FindBrightestDirectionalLight";0.000417;0.000208;0.00375;297;131;248;10;10;0.135412999326945;0.0004513767;0.000364;0.00052;300;1;1;1;300;109;0.000208;0.00375;131;248;0.000521
"PreLateUpdate.DirectorUpdateAnimationBegin";0.000417;0.00026;0.001042;324;203;320;2;2;0.135164999606786;0.00045055;0.000365;0.000469;300;1;1;1;300;109;0.00026;0.001042;203;320;0.000312
"WaitForLastPresent";0.000416;0.000208;0.112395;289;140;365;3;3;0.232076002983376;0.0007735867;0.000364;0.000417;300;1;1;1;300;109;0.000208;0.112395;140;365;0.000261
"Terrain.Trees.OnWillRender";0.000416;0.000104;0.001251;297;181;128;9;11;0.123060999365407;0.0004102033;0.000364;0.000468;600;2;2;2;300;109;5.2E-05;0.000938;150;128;0.000417
"UIEvents.UpdateCanvasRectTransform";0.000416;0.000208;0.00099;345;310;312;3;3;0.127912999028922;0.0004263767;0.000365;0.000468;300;1;1;1;300;109;0.000208;0.00099;310;312;0.000365
"EarlyUpdate.ARCoreUpdate";0.000416;0.000208;0.001875;346;270;398;2;2;0.12922899897967;0.0004307633;0.000364;0.000469;300;1;1;1;300;109;0.000208;0.001875;270;398;0.000364
"PreLateUpdate.DirectorDeferredEvaluate";0.000365;0.000104;0.008281;119;142;247;2;2;0.115524999382615;0.0003850833;0.000261;0.000417;300;1;1;1;300;109;0.000104;0.008281;142;247;0.000156
"PostLateUpdate.EndGraphicsJobsAfterScriptLateUpdate";0.000365;0.000208;0.00073;162;117;135;2;2;0.11005399908754;0.0003668467;0.000313;0.000417;300;1;1;1;300;109;0.000208;0.00073;117;135;0.00026
"WatermarkRender";0.000365;0.000156;0.005052;320;118;195;3;3;0.129364999113022;0.0004312167;0.000312;0.000469;300;1;1;1;300;109;0.000156;0.005052;118;195;0.00026
"ScheduleCullingGroups";0.000365;0.000156;0.001094;371;216;290;8;8;0.125524998948094;0.0004184167;0.000364;0.000469;300;1;1;1;300;109;0.000156;0.001094;216;290;0.000417
"EarlyUpdate.ResetFrameStatsAfterPresent";0.000364;5.2E-05;0.000938;350;133;313;2;2;0.109446998514613;0.0003648233;0.000313;0.000416;300;1;1;1;300;109;5.2E-05;0.000938;133;313;0.000364
"EarlyUpdate.SpriteAtlasManagerUpdate";0.000313;0.000156;0.000729;251;128;131;2;2;0.0992609995446401;0.00033087;0.00026;0.000365;300;1;1;1;300;109;0.000156;0.000729;128;131;0.000156
"UnityEngine.UIModule.dll!UnityEngine::Canvas.SendWillRenderCanvases() [Invoke]";0.000313;0.00026;0.000938;338;118;270;5;5;0.105210998794064;0.0003507033;0.000312;0.000365;300;1;1;1;300;109;0.00026;0.000938;118;270;0.000313
"FixedUpdate.ScriptRunDelayedFixedFrameRate";0.000313;0.000208;0.001146;377;117;330;2;2;0.0703769992833259;0.0003383509;0.000312;0.000365;208;1;1;1;208;110;0.000208;0.001146;117;330;0.00026
"Inl_Sort Render Passes";0.000312;0.000104;0.000885;397;181;405;8;8;0.0975489992270013;0.0003251633;0.000261;0.000364;300;1;1;1;300;109;0.000104;0.000885;181;405;0.00026
"UIEvents.AlignCanvasRectTransformWithCamera";0.000261;5.2E-05;0.000782;145;171;202;3;3;0.0862429999979213;0.0002874767;0.00026;0.000312;300;1;1;1;300;109;5.2E-05;0.000782;171;202;0.000208
"PostLateUpdate.ClearImmediateRenderers";0.000261;0.000104;0.008178;252;117;393;2;2;0.0977709999351646;0.0003259033;0.000209;0.000365;300;1;1;1;300;109;0.000104;0.008178;117;393;0.000365
"PreLateUpdate.PhysicsLateUpdate";0.000261;0.000104;0.024271;278;123;285;2;2;0.11416600006487;0.0003805533;0.00026;0.000364;300;1;1;1;300;109;0.000104;0.024271;123;285;0.000312
"CombineJobResults";0.000261;5.2E-05;0.000886;334;374;356;11;12;0.066463999759435;0.0003210821;0.00026;0.000365;223;1;1;2;207;109;5.2E-05;0.000886;374;356;0.000313
"Physics.CalculateChangedBodyTransforms";0.000261;0.000156;0.000677;363;124;115;5;5;0.0593749995750841;0.0002854567;0.00026;0.000313;208;1;1;1;208;110;0.000156;0.000677;124;115;0.000208
"Inl_ScriptableRenderer.AddRenderPasses";0.00026;5.2E-05;0.002291;331;130;302;7;7;0.0801519997803553;0.0002671733;0.000208;0.000313;300;1;1;1;300;109;5.2E-05;0.002291;130;302;0.000261
"ConstraintManager::Update::JobSetup";0.000209;0.000156;0.000521;215;119;323;4;4;0.0702770002244506;0.0002342567;0.000208;0.00026;300;1;1;1;300;109;0.000156;0.000521;119;323;0.000156
"SortingGroupManager.Update";0.000209;5.3E-05;0.000521;236;283;307;3;3;0.072872999971878;0.00024291;0.000208;0.000261;300;1;1;1;300;109;5.3E-05;0.000521;283;307;0.000156
"FrameEvents.XRPostPresent";0.000209;5.2E-05;0.006145;328;228;372;3;3;0.0857229999855917;0.0002857433;0.000208;0.000261;300;1;1;1;300;109;5.2E-05;0.006145;228;372;0.000312
"PreUpdate.CheckTexFieldInput";0.000208;5.2E-05;0.000937;121;112;238;2;2;0.0532329998204659;0.0001774433;0.000104;0.000209;300;1;1;1;300;109;5.2E-05;0.000937;112;238;0.000208
"EarlyUpdate.GpuTimestamp";0.000208;5.2E-05;0.000573;376;122;179;2;2;0.0656449997295567;0.0002188167;0.000156;0.000261;300;1;1;1;300;109;5.2E-05;0.000573;122;179;0.000156
"TextureStreamingManager.Update";0.000208;5.2E-05;0.000782;393;195;332;3;3;0.0687539998834836;0.00022918;0.000208;0.00026;300;1;1;1;300;109;5.2E-05;0.000782;195;332;0.000208
"EarlyUpdate.UpdateCanvasRectTransform";0.000157;5.2E-05;0.000469;292;181;302;2;2;0.0567729995964328;0.0001892433;0.000156;0.000209;300;1;1;1;300;109;5.2E-05;0.000469;181;302;0.000156
"PrepareSceneNodesSetUp";0.000157;5.3E-05;0.001824;309;224;391;13;13;0.00895699998363853;0.00035828;0.000105;0.00026;60;2;1;6;25;109;5.2E-05;0.001407;113;391;0
"EarlyUpdate.PresentBeforeUpdate";0.000156;5.2E-05;0.000885;247;141;336;2;2;0.0470159992983099;0.00015672;0.000104;0.000157;300;1;1;1;300;109;5.2E-05;0.000885;141;336;0.000104
"Begin XR Rendering";0.000156;0.000104;0.012135;295;111;389;8;8;0.0646419995609904;0.0002154733;0.000105;0.000157;300;1;1;1;300;109;0.000104;0.012135;111;389;0.000104
"Setup Debug Properties";0.000156;5.2E-05;0.007969;318;245;366;8;8;0.0596909998275805;0.00019897;0.000105;0.000208;300;1;1;1;300;109;5.2E-05;0.007969;245;366;0.000104
"Physics.WriteColliderPoses";0.000104;5.2E-05;0.000261;169;110;391;5;5;0.0189049998334667;9.088942E-05;5.2E-05;0.000104;208;1;1;1;208;110;5.2E-05;0.000261;110;391;5.2E-05
"Inl_UniversalRenderPipeline.GetPerObjectLightFlags";0.000104;0;0.000208;173;186;145;8;8;0.0251569997199113;8.385666E-05;5.2E-05;0.000104;300;1;1;1;300;109;0;0.000208;186;145;0.000157
"PostLateUpdate.ResetInputAxis";0.000104;5.2E-05;0.000312;299;118;274;2;2;0.0312619996111607;0.0001042067;0.000104;0.000105;300;1;1;1;300;109;5.2E-05;0.000312;118;274;0.000156
"Physics.WriteRigidbodyPoses";5.2E-05;0;0.000105;287;118;172;5;5;0.0124979998654453;6.008654E-05;5.2E-05;5.2E-05;208;1;1;1;208;110;0;0.000105;118;172;5.2E-05
"EarlyUpdate.ClearLines";5.2E-05;0;0.000209;311;142;156;2;2;0.0195339998026611;6.511333E-05;5.2E-05;5.3E-05;300;1;1;1;300;109;0;0.000209;142;156;5.2E-05
"FixedUpdate.ClearLines";5.2E-05;0;0.000105;315;203;202;2;2;0.0132779998566548;6.383654E-05;5.2E-05;5.3E-05;208;1;1;1;208;110;0;0.000105;203;202;5.2E-05
"RenderTarget.SetActive";5.2E-05;0;0.000417;316;140;360;10;10;0.0194229998123774;6.474333E-05;5.2E-05;5.3E-05;300;1;1;1;300;109;0;0.000417;140;360;5.2E-05
"CullingGroupSendEvents";5.2E-05;5.2E-05;0.000312;364;109;352;8;8;0.0221869997658359;7.395667E-05;5.2E-05;0.000104;300;1;1;1;300;109;5.2E-05;0.000312;109;352;5.2E-05
"BeginJob";0;0;0;254;109;109;11;12;0;0;0;0;556;2;1;10;214;109;0;0;109;109;0
"EndJob";0;0;0;254;109;109;11;12;0;0;0;0;556;2;1;10;214;109;0;0;109;109;0
"Active Constraints";0;0;0;258;109;109;4;5;0;0;0;0;508;2;1;2;300;109;0;0;109;109;0
"Active Dynamic Bodies";0;0;0;258;109;109;4;5;0;0;0;0;508;2;1;2;300;109;0;0;109;109;0
"Active Kinematic Bodies";0;0;0;258;109;109;4;5;0;0;0;0;508;2;1;2;300;109;0;0;109;109;0
"Added Contacts";0;0;0;258;109;109;5;5;0;0;0;0;300;1;1;1;300;109;0;0;109;109;0
"AnimationClip Count";0;0;0;258;109;109;5;5;0;0;0;0;300;1;1;1;300;109;0;0;109;109;0
"AnimationClip Memory";0;0;0;258;109;109;5;5;0;0;0;0;300;1;1;1;300;109;0;0;109;109;0
"App Committed Memory";0;0;0;258;109;109;5;5;0;0;0;0;300;1;1;1;300;109;0;0;109;109;0
"App Resident Memory";0;0;0;258;109;109;5;5;0;0;0;0;300;1;1;1;300;109;0;0;109;109;0
"Articulation Bodies";0;0;0;258;109;109;4;5;0;0;0;0;508;2;1;2;300;109;0;0;109;109;0
"Asleep Bodies";0;0;0;258;109;109;5;5;0;0;0;0;300;1;1;1;300;109;0;0;109;109;0
"Asleep Shapes";0;0;0;258;109;109;5;5;0;0;0;0;300;1;1;1;300;109;0;0;109;109;0
"Asset Count";0;0;0;258;109;109;5;5;0;0;0;0;300;1;1;1;300;109;0;0;109;109;0
"Audio Reserved Memory";0;0;0;258;109;109;5;5;0;0;0;0;300;1;1;1;300;109;0;0;109;109;0
"Audio Used Memory";0;0;0;258;109;109;5;5;0;0;0;0;300;1;1;1;300;109;0;0;109;109;0
"AudioClip Count";0;0;0;258;109;109;5;5;0;0;0;0;300;1;1;1;300;109;0;0;109;109;0
"AudioClip Memory";0;0;0;258;109;109;5;5;0;0;0;0;300;1;1;1;300;109;0;0;109;109;0
"Awake Bodies";0;0;0;258;109;109;5;5;0;0;0;0;300;1;1;1;300;109;0;0;109;109;0
"Awake Shapes";0;0;0;258;109;109;5;5;0;0;0;0;300;1;1;1;300;109;0;0;109;109;0
"Broadphase Adds";0;0;0;258;109;109;4;5;0;0;0;0;508;2;1;2;300;109;0;0;109;109;0
"Broadphase Adds/Removes";0;0;0;258;109;109;4;5;0;0;0;0;508;2;1;2;300;109;0;0;109;109;0
"Broadphase Pairs";0;0;0;258;109;109;5;5;0;0;0;0;300;1;1;1;300;109;0;0;109;109;0
"Broadphase Removes";0;0;0;258;109;109;4;5;0;0;0;0;508;2;1;2;300;109;0;0;109;109;0
"Broadphase Updates";0;0;0;258;109;109;5;5;0;0;0;0;300;1;1;1;300;109;0;0;109;109;0
"Colliders Synced";0;0;0;258;109;109;4;5;0;0;0;0;508;2;1;2;300;109;0;0;109;109;0
"Collision Enter";0;0;0;258;109;109;5;5;0;0;0;0;300;1;1;1;300;109;0;0;109;109;0
"Collision Exit";0;0;0;258;109;109;5;5;0;0;0;0;300;1;1;1;300;109;0;0;109;109;0
"Collision Stay";0;0;0;258;109;109;5;5;0;0;0;0;300;1;1;1;300;109;0;0;109;109;0
"Continuous Bodies";0;0;0;258;109;109;5;5;0;0;0;0;300;1;1;1;300;109;0;0;109;109;0
"Continuous Overlaps";0;0;0;258;109;109;4;5;0;0;0;0;508;2;1;2;300;109;0;0;109;109;0
"CPU Main Thread Frame Time";0;0;0;258;109;109;5;5;0;0;0;0;300;1;1;1;300;109;0;0;109;109;0
"CPU Render Thread Frame Time";0;0;0;258;109;109;5;5;0;0;0;0;300;1;1;1;300;109;0;0;109;109;0
"CPU Total Frame Time";0;0;0;258;109;109;5;5;0;0;0;0;300;1;1;1;300;109;0;0;109;109;0
"Discreet Overlaps";0;0;0;258;109;109;4;5;0;0;0;0;508;2;1;2;300;109;0;0;109;109;0
"Discrete Bodies";0;0;0;258;109;109;5;5;0;0;0;0;300;1;1;1;300;109;0;0;109;109;0
"Dynamic Bodies";0;0;0;258;109;109;4;5;0;0;0;0;808;3;2;3;300;109;0;0;109;109;0
"Dynamic Shapes";0;0;0;258;109;109;5;5;0;0;0;0;300;1;1;1;300;109;0;0;109;109;0
"Game Object Count";0;0;0;258;109;109;5;5;0;0;0;0;300;1;1;1;300;109;0;0;109;109;0
"GC Allocated In Frame";0;0;0;258;109;109;5;5;0;0;0;0;300;1;1;1;300;109;0;0;109;109;0
"GC Allocation In Frame Count";0;0;0;258;109;109;5;5;0;0;0;0;300;1;1;1;300;109;0;0;109;109;0
"GC Reserved Memory";0;0;0;258;109;109;5;5;0;0;0;0;300;1;1;1;300;109;0;0;109;109;0
"GC Used Memory";0;0;0;258;109;109;5;5;0;0;0;0;300;1;1;1;300;109;0;0;109;109;0
"GetContacts Queries";0;0;0;258;109;109;5;5;0;0;0;0;300;1;1;1;300;109;0;0;109;109;0
"Gfx Reserved Memory";0;0;0;258;109;109;5;5;0;0;0;0;300;1;1;1;300;109;0;0;109;109;0
"Gfx Used Memory";0;0;0;258;109;109;5;5;0;0;0;0;300;1;1;1;300;109;0;0;109;109;0
"Global Illumination Support";0;0;0;258;109;109;5;5;0;0;0;0;300;1;1;1;300;109;0;0;109;109;0
"GPU Frame Time";0;0;0;258;109;109;5;5;0;0;0;0;300;1;1;1;300;109;0;0;109;109;0
"IsTouching Queries";0;0;0;258;109;109;5;5;0;0;0;0;300;1;1;1;300;109;0;0;109;109;0
"KickJobs";0;0;0;258;109;109;6;12;0;0;0;0;4085;14;13;15;300;109;0;0;109;109;0
"Kinematic Bodies";0;0;0;258;109;109;5;5;0;0;0;0;300;1;1;1;300;109;0;0;109;109;0
"Kinematic Shapes";0;0;0;258;109;109;5;5;0;0;0;0;300;1;1;1;300;109;0;0;109;109;0
"Material Count";0;0;0;258;109;109;5;5;0;0;0;0;300;1;1;1;300;109;0;0;109;109;0
"Material Memory";0;0;0;258;109;109;5;5;0;0;0;0;300;1;1;1;300;109;0;0;109;109;0
"Mesh Count";0;0;0;258;109;109;5;5;0;0;0;0;300;1;1;1;300;109;0;0;109;109;0
"Mesh Memory";0;0;0;258;109;109;5;5;0;0;0;0;300;1;1;1;300;109;0;0;109;109;0
"Modified Overlaps";0;0;0;258;109;109;4;5;0;0;0;0;508;2;1;2;300;109;0;0;109;109;0
"Narrowphase Lost Touches";0;0;0;258;109;109;4;5;0;0;0;0;508;2;1;2;300;109;0;0;109;109;0
"Narrowphase New Touches";0;0;0;258;109;109;4;5;0;0;0;0;508;2;1;2;300;109;0;0;109;109;0
"Narrowphase Touches";0;0;0;258;109;109;4;5;0;0;0;0;508;2;1;2;300;109;0;0;109;109;0
"Object Count";0;0;0;258;109;109;5;5;0;0;0;0;300;1;1;1;300;109;0;0;109;109;0
"Overlap Queries";0;0;0;258;109;109;5;5;0;0;0;0;300;1;1;1;300;109;0;0;109;109;0
"Overlaps";0;0;0;258;109;109;4;5;0;0;0;0;508;2;1;2;300;109;0;0;109;109;0
"Particle Queries";0;0;0;258;109;109;5;5;0;0;0;0;300;1;1;1;300;109;0;0;109;109;0
"Physics Queries";0;0;0;258;109;109;4;5;0;0;0;0;508;2;1;2;300;109;0;0;109;109;0
"Physics Used Memory";0;0;0;258;109;109;4;5;0;0;0;0;508;2;1;2;300;109;0;0;109;109;0
"Physics Used Memory (2D)";0;0;0;258;109;109;5;5;0;0;0;0;300;1;1;1;300;109;0;0;109;109;0
"Profiler Reserved Memory";0;0;0;258;109;109;5;5;0;0;0;0;300;1;1;1;300;109;0;0;109;109;0
"Profiler Used Memory";0;0;0;258;109;109;5;5;0;0;0;0;300;1;1;1;300;109;0;0;109;109;0
"Raycast Queries";0;0;0;258;109;109;5;5;0;0;0;0;300;1;1;1;300;109;0;0;109;109;0
"Removed Contacts";0;0;0;258;109;109;5;5;0;0;0;0;300;1;1;1;300;109;0;0;109;109;0
"Render Textures Bytes";0;0;0;258;109;109;5;5;0;0;0;0;300;1;1;1;300;109;0;0;109;109;0
"Render Textures Count";0;0;0;258;109;109;5;5;0;0;0;0;300;1;1;1;300;109;0;0;109;109;0
"Rigidbodies Synced";0;0;0;258;109;109;4;5;0;0;0;0;508;2;1;2;300;109;0;0;109;109;0
"Scene Object Count";0;0;0;258;109;109;5;5;0;0;0;0;300;1;1;1;300;109;0;0;109;109;0
"ScheduleAllocJob";0;0;0;258;109;109;7;12;0;0;0;0;2881;10;8;10;300;109;0;0;109;109;0
"ScheduleJob";0;0;0;258;109;109;2;14;0;0;0;0;10307;34;33;36;300;109;0;0;109;109;0
"Shapecast Queries";0;0;0;258;109;109;5;5;0;0;0;0;300;1;1;1;300;109;0;0;109;109;0
"Solver Continuous Islands";0;0;0;258;109;109;5;5;0;0;0;0;300;1;1;1;300;109;0;0;109;109;0
"Solver Discrete Islands";0;0;0;258;109;109;5;5;0;0;0;0;300;1;1;1;300;109;0;0;109;109;0
"Solver Simulation Count";0;0;0;258;109;109;5;5;0;0;0;0;300;1;1;1;300;109;0;0;109;109;0
"Solver World Count";0;0;0;258;109;109;5;5;0;0;0;0;300;1;1;1;300;109;0;0;109;109;0
"Static Bodies";0;0;0;258;109;109;5;5;0;0;0;0;300;1;1;1;300;109;0;0;109;109;0
"Static Colliders";0;0;0;258;109;109;4;5;0;0;0;0;508;2;1;2;300;109;0;0;109;109;0
"Static Shapes";0;0;0;258;109;109;5;5;0;0;0;0;300;1;1;1;300;109;0;0;109;109;0
"System Total Used Memory";0;0;0;258;109;109;5;5;0;0;0;0;300;1;1;1;300;109;0;0;109;109;0
"System Used Memory";0;0;0;258;109;109;5;5;0;0;0;0;300;1;1;1;300;109;0;0;109;109;0
"Texture Count";0;0;0;258;109;109;5;5;0;0;0;0;300;1;1;1;300;109;0;0;109;109;0
"Texture Memory";0;0;0;258;109;109;5;5;0;0;0;0;300;1;1;1;300;109;0;0;109;109;0
"Total Bodies";0;0;0;258;109;109;5;5;0;0;0;0;300;1;1;1;300;109;0;0;109;109;0
"Total Callbacks";0;0;0;258;109;109;5;5;0;0;0;0;300;1;1;1;300;109;0;0;109;109;0
"Total Contacts";0;0;0;258;109;109;5;5;0;0;0;0;300;1;1;1;300;109;0;0;109;109;0
"Total Joints";0;0;0;258;109;109;5;5;0;0;0;0;300;1;1;1;300;109;0;0;109;109;0
"Total Queries";0;0;0;258;109;109;5;5;0;0;0;0;300;1;1;1;300;109;0;0;109;109;0
"Total Reserved Memory";0;0;0;258;109;109;5;5;0;0;0;0;300;1;1;1;300;109;0;0;109;109;0
"Total Shapes";0;0;0;258;109;109;5;5;0;0;0;0;300;1;1;1;300;109;0;0;109;109;0
"Total Transform Sync Calls";0;0;0;258;109;109;5;5;0;0;0;0;300;1;1;1;300;109;0;0;109;109;0
"Total Used Memory";0;0;0;258;109;109;5;5;0;0;0;0;300;1;1;1;300;109;0;0;109;109;0
"Transform Parent Sync Bodies";0;0;0;258;109;109;5;5;0;0;0;0;300;1;1;1;300;109;0;0;109;109;0
"Transform Parent Sync Colliders";0;0;0;258;109;109;5;5;0;0;0;0;300;1;1;1;300;109;0;0;109;109;0
"Transform Sync Bodies";0;0;0;258;109;109;5;5;0;0;0;0;300;1;1;1;300;109;0;0;109;109;0
"Transform Sync Colliders";0;0;0;258;109;109;5;5;0;0;0;0;300;1;1;1;300;109;0;0;109;109;0
"Trigger Enter";0;0;0;258;109;109;5;5;0;0;0;0;300;1;1;1;300;109;0;0;109;109;0
"Trigger Exit";0;0;0;258;109;109;5;5;0;0;0;0;300;1;1;1;300;109;0;0;109;109;0
"Trigger Overlaps";0;0;0;258;109;109;4;5;0;0;0;0;716;3;1;3;300;109;0;0;109;109;0
"Trigger Stay";0;0;0;258;109;109;5;5;0;0;0;0;300;1;1;1;300;109;0;0;109;109;0
"Video Reserved Memory";0;0;0;258;109;109;5;5;0;0;0;0;300;1;1;1;300;109;0;0;109;109;0
"Video Used Memory";0;0;0;258;109;109;5;5;0;0;0;0;300;1;1;1;300;109;0;0;109;109;0
"WaitForCompleted";0;0;0;258;109;109;3;12;0;0;0;0;3511;12;11;13;300;109;0;0;109;109;0
