scan_id,room_label,location,noise_type,device_id,TotalUsedMem_d6_minus_d5_mean,TotalUsedMem_q2_std,TotalUsedMem_q3_std,TotalUsedMem_d6_min,TotalUsedMem_roll10_mean_std,TotalUsedMem_resid_std,TotalUsedMem_decile_mean_range,GpuUtil_q2_mean,TotalUsedMem_iqr,TotalUsedMem_range,TotalUsedMem_d8_minus_d7_mean,GpuUtil_d0_min,TotalUsedMem_half1_std,TotalUsedMem_d8_min,GpuUtil_p10,GpuUtil_d8_mean,TotalUsedMem_d7_min,GpuUtil_d2_min,TotalUsedMem_d7_std
conference__3310__noise0__scan00,conference,3310,0,2bfe9f80377e670fec89a36997162020,146336.0,104438.27553974856,170580.96288532406,144462316,274941.85917846113,236988.1602312225,837825.1111111343,0.3342999999999999,475296.0,1155354,136640.0,0.3346,207949.69702044723,144741132,0.3327,0.3332333333333333,144609964,0.3336,36772.02414880095
conference__3310__noise0__scan01,conference,3310,0,2bfe9f80377e670fec89a36997162020,150287.22222220898,106701.262640538,160099.718039026,144650228,273811.6296853546,232517.76236962623,821487.0,0.3322826086956522,481152.0,1017440,132768.0,0.3361,201482.9728962674,144920980,0.3304,0.3359,144785492,0.3357,39589.28731018525
conference__3310__noise1__scan00,conference,3310,1,2bfe9f80377e670fec89a36997162020,123483.77777779102,100177.94606942234,166756.9191758367,145507995,276281.24871935736,230599.08688290947,866177.4444444478,0.3222,453718.0,1146499,132683.22222220898,0.3218,202546.6134065958,145760565,0.3187,0.3217666666666667,145636548,0.3169,39440.2844754722
conference__3310__noise1__scan01,conference,3310,1,2bfe9f80377e670fec89a36997162020,127583.66666668652,103031.98923121596,169668.7739877927,145470648,270810.1506872374,242130.2773052728,831451.2222222388,0.3154565217391303,483148.5,1140861,134259.22222223878,0.3067,204177.88666198665,145737232,0.3085,0.3149,145606032,0.3106,40485.96735526222
conference__3310__noise2__scan00,conference,3310,2,2bfe9f80377e670fec89a36997162020,155097.0,125516.51674289852,164268.7953717955,145469880,280366.95981173904,232548.5466432997,844158.7777777612,0.3279608695652175,481260.5,1071886,156132.6666666865,0.2934,197637.88379024007,145713690,0.2934,0.3051333333333333,145588136,0.3101,37651.432330566255
conference__3310__noise2__scan01,conference,3310,2,2bfe9f80377e670fec89a36997162020,183552.2222222388,135320.84071630042,157963.1287166224,145500918,293569.4975871197,244070.2465698844,872598.0,0.3122173913043479,504900.5,1073960,138504.44444444776,0.3142,212636.8395854465,145773606,0.3059,0.3324777777777778,145639648,0.3546,74794.03553760152
conference__4001__noise0__scan00,conference,4001,0,2bfe9f80377e670fec89a36997162020,148590.22222220898,104669.5994327937,92969.56006593398,145273876,235298.2695935628,222498.47188135376,768843.6666666567,0.3303681818181819,426676.0,916880,130103.88888889553,0.3248,196155.293236077,145557716,0.3285,0.3300777777777777,145438580,0.331,33435.59609491391
conference__4001__noise0__scan01,conference,4001,0,2bfe9f80377e670fec89a36997162020,123706.33333331348,123458.3566827354,97585.02990302126,145244444,234449.26445390304,210512.08469948333,859737.6666666865,0.3085695652173912,397072.0,946512,85925.55555555224,0.2927,200744.8820314413,145519916,0.2936,0.309,145405148,0.2939,95885.6108319558
conference__4001__noise1__scan00,conference,4001,1,2bfe9f80377e670fec89a36997162020,161275.55555555224,117849.60464727852,122299.79248988192,146274220,251721.4348879381,238782.26772556032,843664.6666666567,0.3655652173913043,434296.0,1110373,179660.66666665673,0.3572,218685.6672112456,146551536,0.3254,0.3303777777777778,146437348,0.3468,93114.05188912078
conference__4001__noise1__scan01,conference,4001,1,2bfe9f80377e670fec89a36997162020,135750.0,131192.81573378472,142750.3587334871,145983612,253624.04838241465,233425.29574128223,957828.5555555522,0.3549782608695652,392948.5,1175049,138428.33333334327,0.3528,236799.7572264146,146274922,0.3272,0.3272333333333333,146135862,0.3272,99568.90300852463
conference__4001__noise2__scan00,conference,4001,2,2bfe9f80377e670fec89a36997162020,124385.88888886572,105809.81095881655,101149.687465773,146078100,241701.511575872,226292.30601195747,805262.0,0.3189863636363636,451066.5,940984,126949.88888889553,0.313,207371.3283449252,146369164,0.2998,0.3037111111111111,146238876,0.3167,75217.51515257864
conference__4001__noise2__scan01,conference,4001,2,2bfe9f80377e670fec89a36997162020,148194.0,117333.6140761306,120442.70979550524,145998268,277080.551649498,229512.93199860488,956698.777777791,0.3168521739130434,445244.5,1111473,134333.6666666865,0.3223,233533.91028100357,146300918,0.3095,0.3067222222222223,146189188,0.3095,76817.30172587711
conference__4211__noise0__scan00,conference,4211,0,2bfe9f80377e670fec89a36997162020,105784.88888889553,78539.18712825773,88056.90520142582,144042852,147192.46150097667,171347.35801499087,472256.0,0.3000086956521739,289360.0,630720,115630.22222223878,0.3004,164557.0546872429,144260148,0.2996,0.3014333333333334,144149684,0.3008,32207.20510754552
conference__4211__noise0__scan01,conference,4211,0,2bfe9f80377e670fec89a36997162020,128912.33333334328,94567.58245028522,112299.63054684854,143906916,144491.57000169222,175622.52281671442,486256.0,0.2939739130434783,298472.0,727208,112405.33333331348,0.297,176615.1818919761,144120612,0.2937,0.2942333333333333,144009956,0.2984,31998.755926434173
conference__4211__noise1__scan00,conference,4211,1,2bfe9f80377e670fec89a36997162020,57238.66666665673,108399.73505933415,126548.6914769199,144866872,135631.99795403748,166754.9352645306,477301.5555555522,0.3202739130434783,301254.5,795411,118078.11111110447,0.3161,173787.89657017097,145063720,0.3182,0.3211,144962604,0.3209,68087.20853235501
conference__4211__noise1__scan01,conference,4211,1,2bfe9f80377e670fec89a36997162020,122442.77777779102,124392.58086763516,158042.94360546887,144846292,153147.39921888715,186481.67486761595,572299.777777791,0.3178478260869565,297555.5,744608,104080.88888889553,0.3107,210760.2998494267,145054660,0.3121,0.3194444444444444,144955798,0.3133,75333.07907921696
conference__4211__noise2__scan00,conference,4211,2,2bfe9f80377e670fec89a36997162020,72452.11111110449,75651.09053054852,91620.1759329996,144913752,154476.61109272126,181144.8122533421,488852.7444444597,0.3297,326178.0,781259,133292.1111111045,0.3017,163348.4105276302,145131560,0.3097,0.3335333333333333,145030964,0.3209,29532.643349518792
conference__4211__noise2__scan01,conference,4211,2,2bfe9f80377e670fec89a36997162020,99114.44444444776,97252.92039527764,112765.31227831192,144871804,159648.24583566625,181695.699042984,465943.222222209,0.3286782608695651,338837.5,775016,137852.66666665673,0.3263,181488.3971483155,145084928,0.3273,0.3324,144977908,0.3287,71399.24617940762
conference__4218__noise0__scan00,conference,4218,0,2bfe9f80377e670fec89a36997162020,145640.1111111045,107250.47218739722,353466.41759709734,145607668,286568.59677892,245796.16204061385,941921.077777803,0.335108695652174,465792.0,1168416,-252562.6666666865,0.342,274314.6878598778,145129572,0.3337,0.3406333333333333,145763972,0.3409,34730.07038345166
conference__4218__noise0__scan01,conference,4218,0,2bfe9f80377e670fec89a36997162020,122022.77777776122,155132.4493214511,304673.2140054812,145644868,336200.93957098835,215232.2425265385,1096732.1444444358,0.3394391304347827,519728.5,1322943,-219741.8888888955,0.3399,240593.67966562204,145327771,0.3375,0.3462666666666666,145962452,0.3388,33833.126840457255
conference__4218__noise1__scan00,conference,4218,1,2bfe9f80377e670fec89a36997162020,125486.11111110447,107122.67779746292,301322.7548442632,146604470,277982.37431404484,244274.3510798824,975497.7666666508,0.360891304347826,457206.0,1175292,-497272.66666665673,0.3498,259918.56706935092,146145120,0.3522,0.3645777777777777,146773692,0.3543,34020.4773106499
conference__4218__noise1__scan01,conference,4218,1,2bfe9f80377e670fec89a36997162020,169273.55555558205,125392.5349844332,327477.850808457,146557796,294168.5076317316,242786.22359740615,986648.822222203,0.3614217391304347,455792.0,1237300,-329923.66666665673,0.3565,263983.1919973994,146094946,0.3565,0.3633,146720616,0.3549,34503.64285365879
conference__4218__noise2__scan00,conference,4218,2,2bfe9f80377e670fec89a36997162020,152802.1111111045,109134.40826542392,305742.3854999912,146268288,280235.6778614643,233946.30205589128,952651.6666666568,0.3150391304347825,436162.5,1300483,-498232.7777777612,0.3134,255630.67706816585,145843296,0.2979,0.3213555555555555,146434928,0.306,84091.41908661074
conference__4218__noise2__scan01,conference,4218,2,2bfe9f80377e670fec89a36997162020,124954.55555555224,121570.51903801988,295059.9336828077,146301486,284748.2735760506,231373.49341850917,981920.3333333136,0.3050590909090909,461277.5,1186874,-409903.5555555522,0.3352,247002.94595592716,145891912,0.30272,0.3009111111111112,146484888,0.31,48383.90248475542
conference__4307__noise0__scan00,conference,4307,0,2bfe9f80377e670fec89a36997162020,150972.44444444776,106296.92113326756,252479.29749914783,145347260,273307.1228297198,238043.9436578087,793080.0,0.2498695652173913,449784.0,1013223,130600.88888886572,0.2495,214779.07165394715,145623276,0.2479,0.2482,145479404,0.2486,40671.71815620503
conference__4307__noise0__scan01,conference,4307,0,2bfe9f80377e670fec89a36997162020,150425.77777776122,106805.2891761098,88755.35017342349,145688552,272963.38261509914,223847.6767679489,901091.6666666568,0.2926347826086957,471583.0,1022418,132306.44444444776,0.2923,194435.82656494173,145963158,0.2924,0.2926333333333333,145831734,0.2927,39624.56236000875
conference__4307__noise1__scan00,conference,4307,1,2bfe9f80377e670fec89a36997162020,151189.8888888955,105432.3362074406,159743.64103139425,145900032,278070.6122219308,234755.12288388447,846860.1111111045,0.3040130434782608,472193.0,1109509,137290.77777776122,0.2988,206336.0555162905,146174040,0.2989,0.3058,146027120,0.3038,42192.56332695094
conference__4307__noise1__scan01,conference,4307,1,2bfe9f80377e670fec89a36997162020,147003.33333334327,104227.55711265172,90823.47503280816,146088836,273442.235486154,232382.65073536697,928541.7777777612,0.2988304347826088,488749.0,1035198,142120.55555555224,0.2984,197700.75074219532,146363924,0.2965,0.3000333333333333,146224740,0.2974,41749.94488471264
conference__4307__noise2__scan00,conference,4307,2,2bfe9f80377e670fec89a36997162020,147032.8888888657,120953.06937798078,91641.61153790598,146101784,279359.149572959,229120.94340347944,920843.555555582,0.3150304347826087,514949.0,1065440,118388.22222220898,0.3021,197324.26825227507,146369992,0.3105,0.3165111111111111,146235968,0.3186,66748.48663194035
conference__4307__noise2__scan01,conference,4307,2,2bfe9f80377e670fec89a36997162020,152268.22222220898,108605.55518695588,166507.06878810588,145824312,281981.5977925247,233314.46012124413,860708.222222209,0.3153173913043479,473034.0,1121349,132901.33333334327,0.3185,209623.5592932563,146096824,0.3034,0.3221666666666666,145963798,0.3045,40226.35692069456
hallway__Floor4HallwayInFrontOf4214__noise0__scan00,hallway,Floor4HallwayInFrontOf4214,0,2bfe9f80377e670fec89a36997162020,-585960.1111111045,274548.1023288529,74321.04604411128,143892628,171636.11754461197,192677.4302765582,658500.4444444478,0.2574608695652173,276976.0,818528,77103.77777779102,0.257,204150.975609714,144060996,0.2573,0.2613666666666666,143978980,0.2576,50567.54208866483
hallway__Floor4HallwayInFrontOf4214__noise0__scan01,hallway,Floor4HallwayInFrontOf4214,0,2bfe9f80377e670fec89a36997162020,99354.66666665672,91813.2924866757,87325.04034547503,144589028,149854.69490309397,174466.17921767908,477872.8888888955,0.2591695652173914,296240.0,638912,98446.33333334328,0.2585,162899.2307169067,144811156,0.2585,0.2593333333333333,144704452,0.2581,51502.68986958321
hallway__Floor4HallwayInFrontOf4214__noise1__scan00,hallway,Floor4HallwayInFrontOf4214,1,2bfe9f80377e670fec89a36997162020,-537638.4444444478,254571.5049270968,92149.18076567542,144904552,166814.1148807488,182121.0696371636,647305.6666666567,0.2735478260869564,279661.0,810662,105906.66666665672,0.2696,193076.01974736387,145081540,0.2705,0.2776444444444444,144981546,0.2705,24971.07821183796
hallway__Floor4HallwayInFrontOf4214__noise1__scan01,hallway,Floor4HallwayInFrontOf4214,1,2bfe9f80377e670fec89a36997162020,-528852.6666666567,246924.84891982705,92012.91928656738,144415980,202692.3731195579,173142.43031900594,712219.2444444597,0.2763434782608695,430188.0,1040539,177945.0,0.2668,218603.3518369461,144835056,0.2683,0.2767333333333333,144499080,0.269,137547.1988263943
hallway__Floor4HallwayInFrontOf4214__noise2__scan00,hallway,Floor4HallwayInFrontOf4214,2,2bfe9f80377e670fec89a36997162020,-530011.222222209,249631.177377652,65396.719663796015,144453138,166817.4605580366,181131.84416700283,664208.322222203,0.2823695652173912,265426.0,877827,85301.77777779102,0.2775,184604.3311291383,144621320,0.2693,0.2712333333333333,144537604,0.2773,22924.07892733461
hallway__Floor4HallwayInFrontOf4214__noise2__scan01,hallway,Floor4HallwayInFrontOf4214,2,2bfe9f80377e670fec89a36997162020,-517342.222222209,241889.780379396,83549.96900837001,144478680,170283.68509862715,177161.68783925622,688317.5111111104,0.3007695652173913,281521.0,863468,84560.66666665673,0.2863,182542.62384608787,144663524,0.2672,0.2985,144552478,0.2672,29414.25363390181
hallway__InFrontOfCEEDHallway__noise0__scan00,hallway,InFrontOfCEEDHallway,0,2bfe9f80377e670fec89a36997162020,-133676.44444444776,197167.7754385239,73776.2481651964,143543579,151495.3448270187,178108.263677415,513127.1888889074,0.2570652173913044,297423.5,740768,95211.44444444776,0.2638,173862.1984454341,143769044,0.255,0.2607666666666666,143682996,0.2536,24052.541025383947
hallway__InFrontOfCEEDHallway__noise0__scan01,hallway,InFrontOfCEEDHallway,0,2bfe9f80377e670fec89a36997162020,-115311.33333334328,203474.16257327623,141351.85169057877,143551860,154204.4493798195,187909.1261442372,533813.6888889074,0.2555695652173914,329792.0,742816,106247.11111113428,0.2574,201128.42767207223,143760996,0.2523,0.2556888888888888,143658660,0.2518,69527.83548734676
hallway__InFrontOfCEEDHallway__noise1__scan00,hallway,InFrontOfCEEDHallway,1,2bfe9f80377e670fec89a36997162020,-80514.22222220898,190744.6930402344,93328.55646634052,144592608,149237.93059126148,173627.97146309062,570512.0,0.2719565217391303,286375.0,784246,74801.22222223878,0.2697,168377.23147186902,144773654,0.2704,0.2746,144688192,0.2707,70878.2789325788
hallway__InFrontOfCEEDHallway__noise1__scan01,hallway,InFrontOfCEEDHallway,1,2bfe9f80377e670fec89a36997162020,-108892.33333331348,189384.05111092943,68823.6318762412,144504920,150240.9749045789,178000.9332574861,553297.9888888896,0.2737434782608695,266635.0,964658,88328.88888886571,0.2671,158513.57722466867,144691620,0.2682,0.2774777777777777,144603416,0.271,26714.05358723622
hallway__InFrontOfCEEDHallway__noise2__scan00,hallway,InFrontOfCEEDHallway,2,2bfe9f80377e670fec89a36997162020,-127329.77777776122,195726.75344647103,80972.29437712804,144480846,152151.29037061392,179300.55196912852,542408.0222222209,0.2626565217391304,293034.0,757948,71639.22222220898,0.2823,170325.80399309532,144676406,0.2587,0.2720666666666667,144585348,0.298,90689.07124774063
hallway__InFrontOfCEEDHallway__noise2__scan01,hallway,InFrontOfCEEDHallway,2,2bfe9f80377e670fec89a36997162020,-131723.22222220898,193165.21180644984,75638.15305582415,145175752,165915.7672514956,188656.8548917011,601089.0222222209,0.267795652173913,303684.0,824098,94072.0,0.2728,164209.25838834836,145354646,0.2662,0.2826888888888889,145277776,0.2773,21892.477343757
hallway__Outside3102__noise0__scan00,hallway,Outside3102,0,2bfe9f80377e670fec89a36997162020,-395919.66666665673,244594.06843908565,67992.86154930695,144287246,162203.47227372255,182338.5697278869,531993.4333333373,0.2715347826086957,266777.0,890799,66202.77777779102,0.2691,181753.84605680965,144464086,0.27,0.2736777777777777,144373920,0.2703,74992.95069406503
hallway__Outside3102__noise0__scan01,hallway,Outside3102,0,2bfe9f80377e670fec89a36997162020,-413355.44444444776,247553.6976433365,110964.59668514968,143554548,166325.9416791157,182294.95474584016,538494.9333333373,0.2693086956521739,323619.5,806928,129560.66666665672,0.2664,197419.46821375663,143722884,0.2667,0.2762222222222222,143636580,0.2678,27420.705623467988
hallway__Outside3102__noise1__scan00,hallway,Outside3102,1,2bfe9f80377e670fec89a36997162020,-438002.3333333135,264771.9153001768,100396.40744285531,144435614,181908.43983441996,204115.04145997865,616504.6222222149,0.287004347826087,301800.0,1045777,83856.66666665673,0.2806,202336.15531595552,144598408,0.2807,0.2844666666666666,144526512,0.2853,21081.827182038403
hallway__Outside3102__noise1__scan01,hallway,Outside3102,1,2bfe9f80377e670fec89a36997162020,-424680.0,253907.250082776,71935.7878524916,145135474,163902.08900317043,184103.59897436108,540356.777777791,0.2761739130434782,277520.0,809016,101012.22222223878,0.2757,189266.8268441053,145321880,0.2757,0.2762555555555555,145226456,0.2781,27890.906427244947
hallway__Outside3102__noise2__scan00,hallway,Outside3102,2,2bfe9f80377e670fec89a36997162020,-502278.0,264755.0049646891,67175.69597010649,145232112,170735.9565430762,190775.0060069272,610913.1333333552,0.2835695652173912,281492.0,849876,90641.66666665672,0.2695,195041.31204583557,145413768,0.2812,0.2812,145319730,0.3013,24138.85562969196
hallway__Outside3102__noise2__scan01,hallway,Outside3102,2,2bfe9f80377e670fec89a36997162020,-438362.1111111045,262731.3073136671,76507.93119428969,144901528,164078.84765091172,184044.6895415124,522786.4888888896,0.2722782608695651,276859.0,900155,100497.55555555224,0.2686,195792.28275893704,145072546,0.2697,0.2804111111111111,144985405,0.2746,24549.054133296177
hallway__Outside3410__noise0__scan00,hallway,Outside3410,0,2bfe9f80377e670fec89a36997162020,-307838.222222209,259913.4451241024,64117.04565302996,143907068,175310.18863205542,187441.0282121691,627867.9111111164,0.3007782608695651,270328.0,838960,76268.44444444776,0.3014,201034.0899107216,144013628,0.2999,0.3012333333333333,143939868,0.2999,21320.82003379749
hallway__Outside3410__noise0__scan01,hallway,Outside3410,0,2bfe9f80377e670fec89a36997162020,-330169.8888888657,273532.9751197539,79080.52540370502,144062356,180527.21847557407,195201.7213952776,648735.4666666687,0.2978565217391304,284584.0,861744,108861.22222223878,0.3007,210910.43289155167,144185780,0.2968,0.2981333333333333,144099444,0.2991,24281.077625728776
hallway__Outside3410__noise1__scan00,hallway,Outside3410,1,2bfe9f80377e670fec89a36997162020,-230561.77777779105,257991.2473564985,64944.56490285763,145070520,184923.60736938115,194427.3615118761,682916.0,0.3101272727272727,263528.5,897184,84426.44444444776,0.3081,200577.7197034852,145165216,0.3089,0.3132111111111111,145098076,0.3094,20835.57340490324
hallway__Outside3410__noise1__scan01,hallway,Outside3410,1,2bfe9f80377e670fec89a36997162020,-309603.33333334327,262245.19106716244,63766.80663017333,145137606,181243.1069605361,191759.3311888072,660812.177777797,0.3147826086956521,265227.0,874952,82353.77777776122,0.3135,202008.81089415168,145252402,0.3133,0.3175222222222222,145169218,0.3144,23587.132595946576
hallway__Outside3410__noise2__scan00,hallway,Outside3410,2,2bfe9f80377e670fec89a36997162020,-228618.22222220895,259583.5741374861,63819.42429488517,144824900,185048.62245645613,192498.6153594253,672266.6666666567,0.2660727272727272,255077.5,889190,79065.11111110449,0.262,202074.1153095646,144922296,0.26169,0.2704444444444445,144845722,0.264,22677.939686939037
hallway__Outside3410__noise2__scan01,hallway,Outside3410,2,2bfe9f80377e670fec89a36997162020,-234454.3333333135,262043.13604996965,65838.52941555808,145163288,183578.4873567357,193266.67561960145,660676.1111111045,0.2707454545454545,273741.5,882701,86111.77777776122,0.263,203622.00614650885,145269648,0.2639,0.2644,145183958,0.2998,21754.480184522115
kitchen__CEEDKitchen__noise0__scan00,kitchen,CEEDKitchen,0,2bfe9f80377e670fec89a36997162020,116026.33333331348,100252.95381616335,340938.1125963635,144981964,283545.48945631937,252592.13906216843,808380.444444418,0.3257652173913042,480544.0,1038279,-141743.22222220898,0.3235,258215.33373015595,144552492,0.3229,0.3255,145137548,0.3226,31067.18666867299
kitchen__CEEDKitchen__noise0__scan01,kitchen,CEEDKitchen,0,2bfe9f80377e670fec89a36997162020,140472.8888888955,104306.60457909852,317752.59147712664,144963636,279891.81980694004,237418.9704133288,809856.0,0.3231652173913044,457728.0,1058336,-142469.33333334327,0.3265,239385.014650293,144523588,0.323,0.3246222222222222,145117348,0.3249,32786.36098241365
kitchen__CEEDKitchen__noise1__scan00,kitchen,CEEDKitchen,1,2bfe9f80377e670fec89a36997162020,137838.8888888657,105367.7714899038,332298.8798396497,146401040,285754.0807690901,240866.0193317452,811427.3333333433,0.3452826086956522,466512.0,1065628,-50971.77777779102,0.3376,246909.73108471025,145999960,0.3398,0.343,146560358,0.3474,36280.93513570161
kitchen__CEEDKitchen__noise1__scan01,kitchen,CEEDKitchen,1,2bfe9f80377e670fec89a36997162020,165024.66666665673,112437.15279829672,350185.3437968614,146445616,314623.23713509203,252776.770013161,872010.4444444478,0.3483,502600.0,1329139,22749.88888889551,0.3442,259086.03326427555,146056428,0.3448,0.3496666666666667,146598252,0.3455,33915.29884146936
kitchen__CEEDKitchen__noise2__scan00,kitchen,CEEDKitchen,2,2bfe9f80377e670fec89a36997162020,144000.44444444776,108331.172666699,316433.8449355999,146183668,291633.143041178,237218.2537829807,840767.7777777612,0.3217608695652174,445491.0,1139136,-134645.55555555224,0.3012,239143.96631675784,145787440,0.2996,0.3012666666666667,146342676,0.3214,34076.819361228205
kitchen__CEEDKitchen__noise2__scan01,kitchen,CEEDKitchen,2,2bfe9f80377e670fec89a36997162020,144305.6666666865,109782.89864793394,335604.3780062451,146438412,290106.74627869105,243234.2260048804,808274.0,0.3379391304347826,469111.0,1094416,-51502.0,0.2999,250156.9621186005,146036486,0.3017,0.3095111111111111,146601844,0.3035,35249.78266424551
kitchen__Floor2Kitchen__noise0__scan00,kitchen,Floor2Kitchen,0,2bfe9f80377e670fec89a36997162020,147985.77777779102,105762.83221772456,198414.99199555215,145973532,255352.4584883134,247540.38283491592,860459.3777777851,0.3174826086956521,412128.0,1207400,-512088.8888888657,0.3212,263352.81075863057,145462748,0.3173,0.3173999999999999,145454364,0.3188,295718.9822306907
kitchen__Floor2Kitchen__noise0__scan01,kitchen,Floor2Kitchen,0,2bfe9f80377e670fec89a36997162020,145968.0,105956.132428394,197333.9810764517,145800820,251514.68512587543,237631.527188546,802384.5333333313,0.3235086956521739,399196.5,1058272,-510960.777777791,0.3239,262046.29796773617,145302580,0.3187,0.3185444444444444,145294228,0.3238,293784.2964818883
kitchen__Floor2Kitchen__noise1__scan00,kitchen,Floor2Kitchen,1,2bfe9f80377e670fec89a36997162020,145650.22222220898,106491.16152218476,189735.82019874285,146678894,248670.64594054772,223766.69982927947,796333.9111111164,0.337086956521739,374827.0,1059612,-478110.0,0.3294,241483.2230249475,146219774,0.3305,0.3419777777777777,146213560,0.3305,277853.4843546145
kitchen__Floor2Kitchen__noise1__scan01,kitchen,Floor2Kitchen,1,2bfe9f80377e670fec89a36997162020,150274.22222220898,116955.86391129046,193772.98843091715,146780418,255737.3551820768,230960.84038485904,813793.2555555403,0.3346521739130434,393597.0,1186429,-461565.1111111045,0.3284,249341.84573626705,146328920,0.3305,0.3406444444444444,146317574,0.3305,281097.15754749987
kitchen__Floor2Kitchen__noise2__scan00,kitchen,Floor2Kitchen,2,2bfe9f80377e670fec89a36997162020,145784.8888888955,106489.18163514664,186741.7718935044,146440496,249185.2469133061,227736.4826218751,797296.5111111104,0.3221391304347827,376755.0,1060750,-479500.0,0.2899,244640.0158396268,145968648,0.2899,0.3028333333333333,145965816,0.2825,277698.30761928903
kitchen__Floor2Kitchen__noise2__scan01,kitchen,Floor2Kitchen,2,2bfe9f80377e670fec89a36997162020,154400.0,110557.26807430132,198679.28222131063,146764422,256791.7459260309,240929.4094373081,844931.9444444478,0.2835260869565217,398956.0,1151062,-507818.6666666865,0.2958,260804.4491441901,146261400,0.2813,0.2929555555555556,146249404,0.2976,298175.8156613868
kitchen__Floor3Kitchen__noise0__scan00,kitchen,Floor3Kitchen,0,2bfe9f80377e670fec89a36997162020,146368.0,106067.47665487262,262554.8022994674,145026140,286171.2202009813,254032.43227909936,1046079.8333333432,0.2691217391304349,408976.0,1141864,-677706.6666666865,0.2731,263614.6182068395,144535196,0.2692,0.2711,145186268,0.2722,34480.09198234702
kitchen__Floor3Kitchen__noise0__scan01,kitchen,Floor3Kitchen,0,2bfe9f80377e670fec89a36997162020,127004.0,107548.83772701124,246113.4257258478,145000371,261750.8844758752,252276.10232204013,858174.7555555403,0.3190434782608696,431875.5,1095728,-628387.5555555522,0.3211,282701.0710877184,144463980,0.319,0.3207666666666666,144459884,0.3197,235282.85376972263
kitchen__Floor3Kitchen__noise1__scan00,kitchen,Floor3Kitchen,1,2bfe9f80377e670fec89a36997162020,154674.6666666865,111806.90275777847,222192.7922717581,145914888,257288.9609172712,229106.3457188199,844467.3555555642,0.3526826086956522,394998.0,1139972,-556124.8888888955,0.341,242968.8320916253,145468612,0.341,0.3543111111111111,145463504,0.341,210940.4545400911
kitchen__Floor3Kitchen__noise1__scan01,kitchen,Floor3Kitchen,1,2bfe9f80377e670fec89a36997162020,126165.11111110447,120119.1380011524,281097.3631064342,145801628,262984.84750564914,253995.3671086672,904370.9333333372,0.3446434782608696,427331.0,1264324,-642483.4444444478,0.342,285761.5097149213,145294480,0.3418,0.342,145290440,0.3418,266341.9735799156
kitchen__Floor3Kitchen__noise2__scan00,kitchen,Floor3Kitchen,2,2bfe9f80377e670fec89a36997162020,156025.1111111045,112435.66287492936,216237.07187817805,145759698,253872.99910634107,221726.0971388791,873481.1555555463,0.2779434782608697,386875.5,1101234,-539263.1111111045,0.3039,232450.730189948,145335064,0.2796,0.2926,145331856,0.2869,204312.8068858637
kitchen__Floor3Kitchen__noise2__scan01,kitchen,Floor3Kitchen,2,2bfe9f80377e670fec89a36997162020,157630.0,112754.51036768814,232517.7413827147,145736442,269480.84509460634,241807.37091548956,914162.5555555522,0.3124086956521739,380428.0,1150898,-590471.3333333433,0.2894,258087.9657708306,145260984,0.2862,0.2863,145255760,0.2942,221339.30302145772
kitchen__Floor4Kitchen__noise0__scan00,kitchen,Floor4Kitchen,0,2bfe9f80377e670fec89a36997162020,145555.55555555224,156135.91622541592,128395.23025113408,144813188,237006.97193899177,154236.8035128307,785272.0444444418,0.3332434782608696,432788.0,1103001,-32520.11111110449,0.3368,157697.01937748605,144482660,0.3331,0.3897666666666666,144449588,0.337,268855.7815731946
kitchen__Floor4Kitchen__noise0__scan01,kitchen,Floor4Kitchen,0,2bfe9f80377e670fec89a36997162020,143431.8888888657,104232.9133414604,320044.7230301546,145061668,272926.67525915435,237635.07102385547,902979.222222209,0.3341260869565218,439580.0,1101241,-409501.3333333135,0.3393,265714.298981858,144599028,0.3255,0.3273222222222222,145217492,0.3371,32577.63317839669
kitchen__Floor4Kitchen__noise1__scan00,kitchen,Floor4Kitchen,1,2bfe9f80377e670fec89a36997162020,150343.1111111343,107757.40238265344,313232.5489973184,145768602,275636.2545560044,238420.2175632752,922359.7444444596,0.3393826086956523,438768.0,1143099,-497826.0,0.3365,264248.61547506147,145297898,0.3385,0.3394999999999999,145921872,0.3412,74987.50691076052
kitchen__Floor4Kitchen__noise1__scan01,kitchen,Floor4Kitchen,1,2bfe9f80377e670fec89a36997162020,139352.66666665673,103269.87485208828,301980.32396452426,145818853,281057.49849509995,231509.1275436708,954337.4777777792,0.3515869565217391,456387.0,1170486,-388368.2222222388,0.3393,248067.57296724964,145385768,0.3394,0.3451,145975924,0.3418,33164.44795854533
kitchen__Floor4Kitchen__noise2__scan00,kitchen,Floor4Kitchen,2,2bfe9f80377e670fec89a36997162020,128395.22222220898,114475.73559705878,343395.4550632298,145816338,303256.0740450219,240123.97823035417,1005807.0888888836,0.2800434782608696,469104.0,1337985,-314240.66666668653,0.2922,265614.78625382413,145402326,0.2688,0.2651,145975464,0.2848,74086.61222956763
kitchen__Floor4Kitchen__noise2__scan01,kitchen,Floor4Kitchen,2,2bfe9f80377e670fec89a36997162020,122982.66666665672,106299.55491528244,293049.47969241266,145739040,290076.3845055123,243680.83593047503,981224.8888888956,0.2961217391304348,496249.0,1170152,-485819.1111111045,0.293,257569.0696275141,145270186,0.2688,0.3111666666666667,145875942,0.2683,35567.780477544075
lab__3215__noise0__scan00,lab,3215,0,2bfe9f80377e670fec89a36997162020,166857.33333334327,120101.5175962034,206461.9791854559,145313436,244781.6305702749,241840.97795845752,801705.7555555403,0.2879434782608696,399168.0,1143915,-522342.1111111045,0.2849,273194.1813662099,144797612,0.2852,0.2872555555555556,144789388,0.2878,296546.6091574231
lab__3215__noise0__scan01,lab,3215,0,2bfe9f80377e670fec89a36997162020,128927.11111110447,213434.9582587425,99060.0320794028,146114512,238362.66642118065,233846.45835856732,793521.0,0.2961086956521739,368524.5,1147483,-232613.1111111045,0.2965,247462.00029106357,145665876,0.2961,0.296888888888889,145621388,0.2989,345710.2084958541
lab__3215__noise1__scan00,lab,3215,1,2bfe9f80377e670fec89a36997162020,139744.22222223878,122584.8889232792,250868.6539754386,146019366,266098.84990048787,231637.1349213506,916274.722222209,0.2998434782608696,424089.5,1334007,-553823.444444418,0.3067,239717.84434942636,145560804,0.2967,0.2962777777777778,145559252,0.3062,236682.255878015
lab__3215__noise1__scan01,lab,3215,1,2bfe9f80377e670fec89a36997162020,147379.44444441795,112027.38562756967,224677.2485915736,146087568,259421.9641165421,247393.4662618271,820727.0222222209,0.3558434782608696,425530.5,1327335,-461624.1111111045,0.3413,263578.01000968704,145587132,0.3499,0.3562777777777777,145563306,0.3541,315379.09757693904
lab__3215__noise2__scan00,lab,3215,2,2bfe9f80377e670fec89a36997162020,146536.77777779102,129196.94647283843,247136.65878736117,146020380,268302.23198270734,236128.89528977865,919465.077777803,0.297095652173913,399097.5,1295225,-580127.0,0.3039,257179.25270281287,145586400,0.2942,0.3151,145578598,0.3038,241370.43502871392
lab__3215__noise2__scan01,lab,3215,2,2bfe9f80377e670fec89a36997162020,218145.66666665676,132038.7983082236,229822.01716294512,146057404,283000.9409385319,247018.31661662448,917351.3333333432,0.3076136363636364,431928.5,1241177,-556699.4444444478,0.2999,261903.8217650437,145564996,0.301,0.3169,145560772,0.308,217517.99300083457
lab__4213__noise0__scan00,lab,4213,0,2bfe9f80377e670fec89a36997162020,144785.55555555224,106368.8566062998,149906.2127876657,145850708,246359.68214219945,240081.7547165301,816521.3888888955,0.2894521739130435,401356.5,1065200,-433042.5555555522,0.287,265284.77932027203,145327652,0.2863,0.2873333333333333,145315316,0.2863,338991.4250675573
lab__4213__noise0__scan01,lab,4213,0,2bfe9f80377e670fec89a36997162020,148056.8888888955,107947.47472768028,167859.04074771726,145601868,249112.7396433867,237661.3234005944,832622.7555555403,0.2882565217391304,421568.0,1102480,-432056.1111111045,0.2885,261751.20652173168,145054508,0.2879,0.2923111111111111,145042124,0.2874,354136.83921513153
lab__4213__noise1__scan00,lab,4213,1,2bfe9f80377e670fec89a36997162020,122808.11111110447,110894.54372519373,58988.34149732786,146553852,249776.2427888984,242670.67388213013,837615.1555555463,0.3042304347826088,393009.0,1097852,-368292.777777791,0.3004,258054.09389639297,146065800,0.3008,0.3061999999999999,146040236,0.3018,331667.2696925841
lab__4213__noise1__scan01,lab,4213,1,2bfe9f80377e670fec89a36997162020,175442.33333334327,127521.93584290853,191737.5570478935,146781556,246549.13756063976,236367.5196063956,842195.6888889074,0.2959130434782607,365442.0,1283691,-412303.66666665673,0.2968,261638.9261539472,146305104,0.2959,0.2979666666666666,146290797,0.3011,350899.99657983525
lab__4213__noise2__scan00,lab,4213,2,2bfe9f80377e670fec89a36997162020,150547.55555555224,104337.31410360998,226666.7084526583,146765202,259582.7905037324,242970.01596689876,847029.777777791,0.3070727272727273,397067.0,1314375,-527820.5555555522,0.3177,266047.089159062,146275194,0.30625,0.3089444444444444,146263170,0.307,312433.3430388704
lab__4213__noise2__scan01,lab,4213,2,2bfe9f80377e670fec89a36997162020,145235.77777779102,125356.15271711958,56487.518757803686,146576342,258230.7966528548,255106.81840408724,847103.2333333492,0.3137695652173912,408884.0,1182831,-369347.8888888955,0.316,277056.7747624213,146070204,0.312,0.3116111111111111,146054548,0.3168,376197.6608033024
lab__4214__noise0__scan00,lab,4214,0,2bfe9f80377e670fec89a36997162020,146983.1111111045,101065.7184340716,87886.44671891129,144678580,254117.5332574085,215856.2469077013,868443.4444444478,0.2930818181818182,436400.0,958992,115038.77777776122,0.2964,199091.98898336195,144970820,0.2929799999999999,0.2942,144842724,0.2966,85199.77553149588
lab__4214__noise0__scan01,lab,4214,0,2bfe9f80377e670fec89a36997162020,142265.0,103620.74924975829,206399.4347469677,145897542,265318.05676703894,228711.83026261083,776767.7777777612,0.3451608695652174,445855.0,1012284,129109.77777776122,0.3445,195105.2773009852,146164806,0.3448,0.3461,146029542,0.3458,41665.27495275759
lab__4214__noise1__scan00,lab,4214,1,2bfe9f80377e670fec89a36997162020,128618.55555555224,100874.71789944696,93568.97654424347,146291732,268979.76419341203,215480.16762995048,919013.777777791,0.3517173913043478,406394.0,1090607,119184.66666665672,0.3416,206034.6471360965,146571560,0.3418,0.3489777777777778,146435764,0.3437,109620.5038682134
lab__4214__noise1__scan01,lab,4214,1,2bfe9f80377e670fec89a36997162020,177603.8888888955,112702.69506543856,123893.87739142982,146301188,263989.302720567,212407.4758752104,940241.0,0.3476391304347825,441747.0,1215188,140494.44444444776,0.3551,211219.8376863754,146577504,0.3466,0.3476444444444444,146447880,0.3519,38371.08609485488
lab__4214__noise2__scan00,lab,4214,2,2bfe9f80377e670fec89a36997162020,150814.3333333135,106566.2159707174,115612.0386453928,146045098,275064.7712691402,218534.80085240968,932249.5555555522,0.2894913043478261,440553.0,1169155,178251.44444444776,0.2927,218609.99081431545,146344088,0.2873,0.2926,146191388,0.3064,45285.19010411055
lab__4214__noise2__scan01,lab,4214,2,2bfe9f80377e670fec89a36997162020,173113.44444444776,116459.91251105754,95097.05119899251,146245416,270147.2885069085,209225.9704059024,914208.8888888956,0.2952086956521738,448515.0,1031850,159306.22222220898,0.3118,199681.6369422556,146518754,0.2948,0.3140555555555556,146390564,0.2962,37303.76979592886
lab__privateeyelab__noise0__scan00,lab,privateeyelab,0,2bfe9f80377e670fec89a36997162020,138876.8888888955,122535.48057336672,243874.26566759576,146325602,298160.5100695096,240390.41582485609,919448.8888888956,0.2886826086956521,509433.0,1097512,135541.55555555224,0.2898,214673.27827494184,146621840,0.2884,0.2931333333333333,146470240,0.2899,43640.58804075869
lab__privateeyelab__noise0__scan01,lab,privateeyelab,0,2bfe9f80377e670fec89a36997162020,137745.77777779102,102593.4340266654,205448.1514785633,145205972,284124.21365912,225098.27969587196,874280.8888888955,0.2871130434782609,462595.5,1024752,129188.55555558205,0.2831,193654.6217602135,145489572,0.2831,0.2851666666666667,145353947,0.2826,38291.61474143096
lab__privateeyelab__noise1__scan00,lab,privateeyelab,1,2bfe9f80377e670fec89a36997162020,149162.44444444776,125902.38737951544,262294.49937040044,146091360,296015.778658216,240171.57840876616,832262.8888888955,0.2947227272727272,459708.0,1090767,60990.11111113429,0.2983,232299.7076603912,146391816,0.28864,0.2976,146247320,0.289,121660.18854240216
lab__privateeyelab__noise1__scan01,lab,privateeyelab,1,2bfe9f80377e670fec89a36997162020,120560.11111113428,110574.74837606912,253949.90879118184,146227428,298513.1181770601,231547.44112359424,910712.4444444478,0.2935652173913043,532178.0,1082310,125592.88888889553,0.3061,214110.80895498948,146500938,0.2942,0.2986444444444444,146370412,0.3006,37906.450987518416
lab__privateeyelab__noise2__scan00,lab,privateeyelab,2,2bfe9f80377e670fec89a36997162020,145593.22222223878,104171.68881604631,255225.7771305002,146074450,285263.75457367307,231081.1452909898,815334.0,0.3012363636363636,481136.5,1033794,136171.1111111343,0.2973,218655.24291336627,146362744,0.2934,0.2938666666666666,146222088,0.2949,36814.97578130098
lab__privateeyelab__noise2__scan01,lab,privateeyelab,2,2bfe9f80377e670fec89a36997162020,198168.55555558205,116735.0662484365,247568.9167395683,146171388,299439.9203540269,234517.67703357415,856599.5555555522,0.2991227272727273,510013.0,1075470,135408.22222220898,0.3366,216758.37348773607,146445798,0.2952,0.2946222222222222,146299354,0.3201,40039.424149483246
